,date,time,loc,population,wd
0,20201001,00,11410585,27147.0591,400
1,20201001,01,11410585,26837.6481,401
2,20201001,02,11410585,26686.98,402
3,20201001,03,11410585,26590.3787,403
4,20201001,04,11410585,26536.669,404
5,20201001,05,11410585,27054.4877,405
6,20201001,06,11410585,27119.7951,406
7,20201001,07,11410585,27400.6895,407
8,20201001,08,11410585,27998.8813,408
9,20201001,09,11410585,28571.2689,409
10,20201001,10,11410585,29012.1363,410
11,20201001,11,11410585,29900.7263,411
12,20201001,12,11410585,30444.6214,412
13,20201001,13,11410585,31045.401,413
14,20201001,14,11410585,31898.9053,414
15,20201001,15,11410585,31806.7782,415
16,20201001,16,11410585,31728.9116,416
17,20201001,17,11410585,31446.3651,417
18,20201001,18,11410585,31588.2609,418
19,20201001,19,11410585,31916.6808,419
20,20201001,20,11410585,31859.2814,420
21,20201001,21,11410585,31041.2204,421
22,20201001,22,11410585,29551.8109,422
23,20201001,23,11410585,27091.1036,423
24,20201002,00,11410585,26828.0685,500
25,20201002,01,11410585,26311.1579,501
26,20201002,02,11410585,26314.7305,502
27,20201002,03,11410585,26118.0321,503
28,20201002,04,11410585,26044.5587,504
29,20201002,05,11410585,26470.8528,505
30,20201002,06,11410585,26619.1893,506
31,20201002,07,11410585,27041.3298,507
32,20201002,08,11410585,28140.698,508
33,20201002,09,11410585,29238.5305,509
34,20201002,10,11410585,31120.8831,510
35,20201002,11,11410585,32575.9598,511
36,20201002,12,11410585,34353.016,512
37,20201002,13,11410585,35577.4625,513
38,20201002,14,11410585,36989.9319,514
39,20201002,15,11410585,37971.4464,515
40,20201002,16,11410585,38794.767,516
41,20201002,17,11410585,39093.3402,517
42,20201002,18,11410585,38788.5406,518
43,20201002,19,11410585,38044.7777,519
44,20201002,20,11410585,37530.6608,520
45,20201002,21,11410585,36351.6552,521
46,20201002,22,11410585,34105.5653,522
47,20201002,23,11410585,30625.2613,523
48,20201003,00,11410585,30270.9824,600
49,20201003,01,11410585,29385.0227,601
50,20201003,02,11410585,29070.807,602
51,20201003,03,11410585,28929.9018,603
52,20201003,04,11410585,28915.822,604
53,20201003,05,11410585,29377.1259,605
54,20201003,06,11410585,29361.3032,606
55,20201003,07,11410585,29941.2264,607
56,20201003,08,11410585,30383.3599,608
57,20201003,09,11410585,32111.4927,609
58,20201003,10,11410585,34109.9416,610
59,20201003,11,11410585,35996.2923,611
60,20201003,12,11410585,38343.9107,612
61,20201003,13,11410585,40737.1685,613
62,20201003,14,11410585,41957.2831,614
63,20201003,15,11410585,43756.3136,615
64,20201003,16,11410585,44504.5445,616
65,20201003,17,11410585,44673.7936,617
66,20201003,18,11410585,45111.8845,618
67,20201003,19,11410585,44346.3287,619
68,20201003,20,11410585,42416.2828,620
69,20201003,21,11410585,40054.9989,621
70,20201003,22,11410585,36613.7779,622
71,20201003,23,11410585,32563.8952,623
72,20201004,00,11410585,32052.3388,700
73,20201004,01,11410585,31218.9894,701
74,20201004,02,11410585,30780.3624,702
75,20201004,03,11410585,30573.2986,703
76,20201004,04,11410585,30512.8473,704
77,20201004,05,11410585,30884.4101,705
78,20201004,06,11410585,31101.0246,706
79,20201004,07,11410585,31271.2458,707
80,20201004,08,11410585,32483.8632,708
81,20201004,09,11410585,34084.5092,709
82,20201004,10,11410585,36048.1397,710
83,20201004,11,11410585,37993.9255,711
84,20201004,12,11410585,39924.6381,712
85,20201004,13,11410585,42153.2622,713
86,20201004,14,11410585,44573.0165,714
87,20201004,15,11410585,45129.263,715
88,20201004,16,11410585,45853.9111,716
89,20201004,17,11410585,45796.2657,717
90,20201004,18,11410585,45337.6746,718
91,20201004,19,11410585,44400.5376,719
92,20201004,20,11410585,42253.1175,720
93,20201004,21,11410585,40081.0767,721
94,20201004,22,11410585,37420.6916,722
95,20201004,23,11410585,33839.8776,723
96,20201005,00,11410585,33223.067,100
97,20201005,01,11410585,33141.4297,101
98,20201005,02,11410585,32800.04,102
99,20201005,03,11410585,32672.6597,103
100,20201005,04,11410585,32966.0182,104
101,20201005,05,11410585,34310.4257,105
102,20201005,06,11410585,36931.3397,106
103,20201005,07,11410585,43549.1711,107
104,20201005,08,11410585,51494.3703,108
105,20201005,09,11410585,58489.86,109
106,20201005,10,11410585,62930.736,110
107,20201005,11,11410585,64172.2995,111
108,20201005,12,11410585,66035.5453,112
109,20201005,13,11410585,69481.0015,113
110,20201005,14,11410585,71138.664,114
111,20201005,15,11410585,70137.0935,115
112,20201005,16,11410585,65951.3703,116
113,20201005,17,11410585,60131.1075,117
114,20201005,18,11410585,57342.6513,118
115,20201005,19,11410585,53494.6802,119
116,20201005,20,11410585,49868.0663,120
117,20201005,21,11410585,46082.4173,121
118,20201005,22,11410585,41776.2626,122
119,20201005,23,11410585,36639.9512,123
120,20201006,00,11410585,35575.3265,200
121,20201006,01,11410585,35133.6416,201
122,20201006,02,11410585,34999.7429,202
123,20201006,03,11410585,34945.9689,203
124,20201006,04,11410585,35012.9849,204
125,20201006,05,11410585,36311.922,205
126,20201006,06,11410585,39041.0313,206
127,20201006,07,11410585,46049.1242,207
128,20201006,08,11410585,54004.5171,208
129,20201006,09,11410585,61122.1764,209
130,20201006,10,11410585,65427.3904,210
131,20201006,11,11410585,66365.9038,211
132,20201006,12,11410585,68834.293,212
133,20201006,13,11410585,72260.763,213
134,20201006,14,11410585,73711.3316,214
135,20201006,15,11410585,71177.7013,215
136,20201006,16,11410585,67270.499,216
137,20201006,17,11410585,61952.2835,217
138,20201006,18,11410585,58361.0733,218
139,20201006,19,11410585,55814.1113,219
140,20201006,20,11410585,51975.1919,220
141,20201006,21,11410585,48469.2085,221
142,20201006,22,11410585,43409.4015,222
143,20201006,23,11410585,37857.7058,223
144,20201007,00,11410585,36682.1097,300
145,20201007,01,11410585,36317.049,301
146,20201007,02,11410585,36212.0912,302
147,20201007,03,11410585,36185.8513,303
148,20201007,04,11410585,36249.1652,304
149,20201007,05,11410585,37592.0967,305
150,20201007,06,11410585,40026.7407,306
151,20201007,07,11410585,47484.5858,307
152,20201007,08,11410585,55450.3579,308
153,20201007,09,11410585,62740.1505,309
154,20201007,10,11410585,67064.5117,310
155,20201007,11,11410585,68601.3933,311
156,20201007,12,11410585,70222.4011,312
157,20201007,13,11410585,72956.5284,313
158,20201007,14,11410585,74455.8158,314
159,20201007,15,11410585,73497.6953,315
160,20201007,16,11410585,68507.1059,316
161,20201007,17,11410585,63741.3263,317
162,20201007,18,11410585,59646.1107,318
163,20201007,19,11410585,56942.9048,319
164,20201007,20,11410585,53838.7845,320
165,20201007,21,11410585,49534.3985,321
166,20201007,22,11410585,44559.066,322
167,20201007,23,11410585,38348.1697,323
168,20201008,00,11410585,37820.9599,400
169,20201008,01,11410585,37101.7986,401
170,20201008,02,11410585,36860.2357,402
171,20201008,03,11410585,36501.4335,403
172,20201008,04,11410585,36785.8867,404
173,20201008,05,11410585,38032.4035,405
174,20201008,06,11410585,40317.9305,406
175,20201008,07,11410585,47388.8264,407
176,20201008,08,11410585,55121.992,408
177,20201008,09,11410585,61852.5437,409
178,20201008,10,11410585,66326.6524,410
179,20201008,11,11410585,67409.5733,411
180,20201008,12,11410585,68992.6629,412
181,20201008,13,11410585,72385.3536,413
182,20201008,14,11410585,73508.2943,414
183,20201008,15,11410585,71848.9561,415
184,20201008,16,11410585,68072.0641,416
185,20201008,17,11410585,62489.1969,417
186,20201008,18,11410585,59248.9653,418
187,20201008,19,11410585,57525.6988,419
188,20201008,20,11410585,54683.4971,420
189,20201008,21,11410585,50828.4596,421
190,20201008,22,11410585,45825.8236,422
191,20201008,23,11410585,39549.9563,423
192,20201009,00,11410585,38254.433,500
193,20201009,01,11410585,37221.3509,501
194,20201009,02,11410585,36887.2835,502
195,20201009,03,11410585,36724.9502,503
196,20201009,04,11410585,36504.9631,504
197,20201009,05,11410585,37153.8558,505
198,20201009,06,11410585,37361.5037,506
199,20201009,07,11410585,38249.5827,507
200,20201009,08,11410585,40063.5537,508
201,20201009,09,11410585,42524.1048,509
202,20201009,10,11410585,45076.8674,510
203,20201009,11,11410585,46826.0236,511
204,20201009,12,11410585,49688.4033,512
205,20201009,13,11410585,51600.9523,513
206,20201009,14,11410585,53345.4227,514
207,20201009,15,11410585,53789.5784,515
208,20201009,16,11410585,54472.3254,516
209,20201009,17,11410585,53764.5049,517
210,20201009,18,11410585,53262.654,518
211,20201009,19,11410585,52644.3531,519
212,20201009,20,11410585,50639.7793,520
213,20201009,21,11410585,47996.8621,521
214,20201009,22,11410585,43535.8935,522
215,20201009,23,11410585,39137.5263,523
216,20201010,00,11410585,38078.3417,600
217,20201010,01,11410585,36686.331,601
218,20201010,02,11410585,36144.3439,602
219,20201010,03,11410585,35838.3245,603
220,20201010,04,11410585,35761.3825,604
221,20201010,05,11410585,36438.5002,605
222,20201010,06,11410585,37170.1212,606
223,20201010,07,11410585,38445.6892,607
224,20201010,08,11410585,40859.5137,608
225,20201010,09,11410585,44604.0383,609
226,20201010,10,11410585,47084.8453,610
227,20201010,11,11410585,48655.7745,611
228,20201010,12,11410585,51239.1205,612
229,20201010,13,11410585,52491.0613,613
230,20201010,14,11410585,53679.5569,614
231,20201010,15,11410585,54196.1301,615
232,20201010,16,11410585,52950.269,616
233,20201010,17,11410585,52277.1722,617
234,20201010,18,11410585,52892.9689,618
235,20201010,19,11410585,52315.8056,619
236,20201010,20,11410585,49919.0529,620
237,20201010,21,11410585,47038.8493,621
238,20201010,22,11410585,43156.9229,622
239,20201010,23,11410585,37723.2196,623
240,20201011,00,11410585,37293.9371,700
241,20201011,01,11410585,36560.5955,701
242,20201011,02,11410585,35899.1617,702
243,20201011,03,11410585,35710.2164,703
244,20201011,04,11410585,35465.4231,704
245,20201011,05,11410585,35950.3872,705
246,20201011,06,11410585,36036.205,706
247,20201011,07,11410585,36173.1892,707
248,20201011,08,11410585,36844.6221,708
249,20201011,09,11410585,38661.0175,709
250,20201011,10,11410585,40703.2027,710
251,20201011,11,11410585,43015.8015,711
252,20201011,12,11410585,45177.0341,712
253,20201011,13,11410585,47330.2047,713
254,20201011,14,11410585,49197.4918,714
255,20201011,15,11410585,49153.5272,715
256,20201011,16,11410585,49484.6591,716
257,20201011,17,11410585,50373.9801,717
258,20201011,18,11410585,49635.5972,718
259,20201011,19,11410585,48272.3939,719
260,20201011,20,11410585,46432.4749,720
261,20201011,21,11410585,43832.2831,721
262,20201011,22,11410585,40512.667,722
263,20201011,23,11410585,36567.3091,723
264,20201012,00,11410585,35910.0596,100
265,20201012,01,11410585,36034.7188,101
266,20201012,02,11410585,35554.973,102
267,20201012,03,11410585,35467.2644,103
268,20201012,04,11410585,35642.677,104
269,20201012,05,11410585,36945.0486,105
270,20201012,06,11410585,39191.4737,106
271,20201012,07,11410585,46521.085,107
272,20201012,08,11410585,54545.3857,108
273,20201012,09,11410585,62173.4317,109
274,20201012,10,11410585,66473.0912,110
275,20201012,11,11410585,67884.2512,111
276,20201012,12,11410585,69892.4881,112
277,20201012,13,11410585,72792.7079,113
278,20201012,14,11410585,73942.2781,114
279,20201012,15,11410585,72570.3065,115
280,20201012,16,11410585,68108.5261,116
281,20201012,17,11410585,62892.541,117
282,20201012,18,11410585,60131.4514,118
283,20201012,19,11410585,57148.5198,119
284,20201012,20,11410585,53799.9604,120
285,20201012,21,11410585,49804.5458,121
286,20201012,22,11410585,43729.938,122
287,20201012,23,11410585,38430.4709,123
288,20201013,00,11410585,37349.4585,200
289,20201013,01,11410585,36892.4902,201
290,20201013,02,11410585,36515.7883,202
291,20201013,03,11410585,36545.883,203
292,20201013,04,11410585,36755.0239,204
293,20201013,05,11410585,37824.4477,205
294,20201013,06,11410585,40611.9496,206
295,20201013,07,11410585,47760.9268,207
296,20201013,08,11410585,55913.7315,208
297,20201013,09,11410585,63212.9928,209
298,20201013,10,11410585,67413.1147,210
299,20201013,11,11410585,68843.3768,211
300,20201013,12,11410585,70678.8622,212
301,20201013,13,11410585,74568.3701,213
302,20201013,14,11410585,76037.7163,214
303,20201013,15,11410585,73820.9416,215
304,20201013,16,11410585,69509.0087,216
305,20201013,17,11410585,63651.1065,217
306,20201013,18,11410585,60870.2441,218
307,20201013,19,11410585,57626.5222,219
308,20201013,20,11410585,54264.4814,220
309,20201013,21,11410585,50605.7962,221
310,20201013,22,11410585,45194.3575,222
311,20201013,23,11410585,38935.8832,223
312,20201014,00,11410585,37899.0759,300
313,20201014,01,11410585,37363.8102,301
314,20201014,02,11410585,36989.9993,302
315,20201014,03,11410585,36880.5953,303
316,20201014,04,11410585,36938.6533,304
317,20201014,05,11410585,38067.6669,305
318,20201014,06,11410585,40472.9675,306
319,20201014,07,11410585,47396.7439,307
320,20201014,08,11410585,55406.2975,308
321,20201014,09,11410585,62903.9669,309
322,20201014,10,11410585,67054.1167,310
323,20201014,11,11410585,69606.2209,311
324,20201014,12,11410585,70714.5184,312
325,20201014,13,11410585,74114.956,313
326,20201014,14,11410585,74978.5331,314
327,20201014,15,11410585,73583.3329,315
328,20201014,16,11410585,69720.9503,316
329,20201014,17,11410585,64057.8118,317
330,20201014,18,11410585,61015.5856,318
331,20201014,19,11410585,58570.212,319
332,20201014,20,11410585,55056.3945,320
333,20201014,21,11410585,50751.3925,321
334,20201014,22,11410585,45313.2423,322
335,20201014,23,11410585,38503.8787,323
336,20201015,00,11410585,37761.6558,400
337,20201015,01,11410585,37323.8135,401
338,20201015,02,11410585,36919.6097,402
339,20201015,03,11410585,36891.2724,403
340,20201015,04,11410585,36948.5098,404
341,20201015,05,11410585,37910.2635,405
342,20201015,06,11410585,40499.9598,406
343,20201015,07,11410585,48103.4463,407
344,20201015,08,11410585,55937.7549,408
345,20201015,09,11410585,63084.9028,409
346,20201015,10,11410585,66685.9069,410
347,20201015,11,11410585,68287.8666,411
348,20201015,12,11410585,70373.2617,412
349,20201015,13,11410585,74010.5617,413
350,20201015,14,11410585,75514.8241,414
351,20201015,15,11410585,73143.8707,415
352,20201015,16,11410585,68885.597,416
353,20201015,17,11410585,63820.1879,417
354,20201015,18,11410585,60491.8168,418
355,20201015,19,11410585,58220.7843,419
356,20201015,20,11410585,54807.3979,420
357,20201015,21,11410585,51457.8451,421
358,20201015,22,11410585,45589.458,422
359,20201015,23,11410585,39492.8384,423
360,20201016,00,11410585,38325.3304,500
361,20201016,01,11410585,37933.1746,501
362,20201016,02,11410585,37586.2889,502
363,20201016,03,11410585,37535.7928,503
364,20201016,04,11410585,37391.1485,504
365,20201016,05,11410585,38485.0196,505
366,20201016,06,11410585,40773.9671,506
367,20201016,07,11410585,47643.8286,507
368,20201016,08,11410585,55860.4367,508
369,20201016,09,11410585,63009.8846,509
370,20201016,10,11410585,66637.6931,510
371,20201016,11,11410585,67885.9021,511
372,20201016,12,11410585,69356.0431,512
373,20201016,13,11410585,72335.8776,513
374,20201016,14,11410585,73513.4969,514
375,20201016,15,11410585,72713.6379,515
376,20201016,16,11410585,67393.8207,516
377,20201016,17,11410585,62499.906,517
378,20201016,18,11410585,60830.4088,518
379,20201016,19,11410585,59543.8602,519
380,20201016,20,11410585,56640.5678,520
381,20201016,21,11410585,52863.9759,521
382,20201016,22,11410585,47671.1611,522
383,20201016,23,11410585,40631.9214,523
384,20201017,00,11410585,39717.0509,600
385,20201017,01,11410585,38545.744,601
386,20201017,02,11410585,37916.092,602
387,20201017,03,11410585,37644.3765,603
388,20201017,04,11410585,37673.8471,604
389,20201017,05,11410585,38158.1859,605
390,20201017,06,11410585,38562.7299,606
391,20201017,07,11410585,39796.731,607
392,20201017,08,11410585,42612.5847,608
393,20201017,09,11410585,46677.1533,609
394,20201017,10,11410585,49472.0284,610
395,20201017,11,11410585,51264.1955,611
396,20201017,12,11410585,52899.1748,612
397,20201017,13,11410585,55466.5178,613
398,20201017,14,11410585,57351.7671,614
399,20201017,15,11410585,58044.1325,615
400,20201017,16,11410585,57712.3268,616
401,20201017,17,11410585,57100.4333,617
402,20201017,18,11410585,56445.2955,618
403,20201017,19,11410585,54969.4715,619
404,20201017,20,11410585,52851.029,620
405,20201017,21,11410585,50050.1954,621
406,20201017,22,11410585,45394.6146,622
407,20201017,23,11410585,39183.3084,623
408,20201018,00,11410585,38895.4764,700
409,20201018,01,11410585,38150.1135,701
410,20201018,02,11410585,37460.0187,702
411,20201018,03,11410585,37116.6708,703
412,20201018,04,11410585,36628.0511,704
413,20201018,05,11410585,36901.2753,705
414,20201018,06,11410585,37352.7319,706
415,20201018,07,11410585,37471.2063,707
416,20201018,08,11410585,38410.1325,708
417,20201018,09,11410585,40414.2917,709
418,20201018,10,11410585,43510.3823,710
419,20201018,11,11410585,45426.0667,711
420,20201018,12,11410585,47759.302,712
421,20201018,13,11410585,49978.9282,713
422,20201018,14,11410585,51329.6506,714
423,20201018,15,11410585,51715.2888,715
424,20201018,16,11410585,51498.2873,716
425,20201018,17,11410585,51182.6094,717
426,20201018,18,11410585,50754.8701,718
427,20201018,19,11410585,49392.8,719
428,20201018,20,11410585,47566.7134,720
429,20201018,21,11410585,44759.2397,721
430,20201018,22,11410585,41586.4625,722
431,20201018,23,11410585,36862.7111,723
432,20201019,00,11410585,36288.0853,100
433,20201019,01,11410585,36023.7351,101
434,20201019,02,11410585,35881.9697,102
435,20201019,03,11410585,35987.2572,103
436,20201019,04,11410585,36018.2562,104
437,20201019,05,11410585,37499.9231,105
438,20201019,06,11410585,39744.4091,106
439,20201019,07,11410585,47087.7701,107
440,20201019,08,11410585,54892.8563,108
441,20201019,09,11410585,61803.2467,109
442,20201019,10,11410585,66202.0796,110
443,20201019,11,11410585,67232.0198,111
444,20201019,12,11410585,69525.3478,112
445,20201019,13,11410585,72513.2562,113
446,20201019,14,11410585,72962.3039,114
447,20201019,15,11410585,70970.6892,115
448,20201019,16,11410585,67295.9391,116
449,20201019,17,11410585,62598.1692,117
450,20201019,18,11410585,59463.1109,118
451,20201019,19,11410585,56951.1558,119
452,20201019,20,11410585,53389.9491,120
453,20201019,21,11410585,49592.87,121
454,20201019,22,11410585,44642.3603,122
455,20201019,23,11410585,38090.5112,123
456,20201020,00,11410585,37390.5205,200
457,20201020,01,11410585,36851.3868,201
458,20201020,02,11410585,36765.2439,202
459,20201020,03,11410585,36647.6703,203
460,20201020,04,11410585,36695.5078,204
461,20201020,05,11410585,37993.0569,205
462,20201020,06,11410585,40494.8914,206
463,20201020,07,11410585,47951.4734,207
464,20201020,08,11410585,55636.4535,208
465,20201020,09,11410585,63269.6236,209
466,20201020,10,11410585,66970.6213,210
467,20201020,11,11410585,68370.1327,211
468,20201020,12,11410585,69611.7593,212
469,20201020,13,11410585,73050.7759,213
470,20201020,14,11410585,73763.0684,214
471,20201020,15,11410585,71658.6826,215
472,20201020,16,11410585,68230.7761,216
473,20201020,17,11410585,62260.9317,217
474,20201020,18,11410585,58959.0925,218
475,20201020,19,11410585,56580.8534,219
476,20201020,20,11410585,53579.319,220
477,20201020,21,11410585,49625.4814,221
478,20201020,22,11410585,44661.3787,222
479,20201020,23,11410585,38136.7331,223
480,20201021,00,11410585,37406.1905,300
481,20201021,01,11410585,37084.8163,301
482,20201021,02,11410585,36756.1337,302
483,20201021,03,11410585,36730.9409,303
484,20201021,04,11410585,36685.3917,304
485,20201021,05,11410585,37929.0384,305
486,20201021,06,11410585,40565.0238,306
487,20201021,07,11410585,47629.3113,307
488,20201021,08,11410585,55616.738,308
489,20201021,09,11410585,62322.9522,309
490,20201021,10,11410585,65804.153,310
491,20201021,11,11410585,67203.328,311
492,20201021,12,11410585,68464.6608,312
493,20201021,13,11410585,71421.329,313
494,20201021,14,11410585,72072.1867,314
495,20201021,15,11410585,70877.5854,315
496,20201021,16,11410585,67158.6735,316
497,20201021,17,11410585,62633.7595,317
498,20201021,18,11410585,60175.453,318
499,20201021,19,11410585,57759.4529,319
500,20201021,20,11410585,54294.4122,320
501,20201021,21,11410585,50375.2491,321
502,20201021,22,11410585,45528.2655,322
503,20201021,23,11410585,38312.5528,323
504,20201022,00,11410585,38005.4644,400
505,20201022,01,11410585,37604.7322,401
506,20201022,02,11410585,37539.4206,402
507,20201022,03,11410585,37350.9027,403
508,20201022,04,11410585,37582.5853,404
509,20201022,05,11410585,38693.2317,405
510,20201022,06,11410585,41075.9884,406
511,20201022,07,11410585,48339.0465,407
512,20201022,08,11410585,56461.7767,408
513,20201022,09,11410585,63258.0554,409
514,20201022,10,11410585,67155.6159,410
515,20201022,11,11410585,68157.2278,411
516,20201022,12,11410585,69876.6438,412
517,20201022,13,11410585,74232.7905,413
518,20201022,14,11410585,74366.6717,414
519,20201022,15,11410585,72288.7351,415
520,20201022,16,11410585,68802.8642,416
521,20201022,17,11410585,63185.0172,417
522,20201022,18,11410585,60330.1564,418
523,20201022,19,11410585,57471.3369,419
524,20201022,20,11410585,53850.325,420
525,20201022,21,11410585,50058.8488,421
526,20201022,22,11410585,45153.5869,422
527,20201022,23,11410585,38808.3299,423
528,20201023,00,11410585,38206.8906,500
529,20201023,01,11410585,37654.533,501
530,20201023,02,11410585,37170.3335,502
531,20201023,03,11410585,37259.7823,503
532,20201023,04,11410585,37230.6409,504
533,20201023,05,11410585,38347.6357,505
534,20201023,06,11410585,40517.0389,506
535,20201023,07,11410585,48152.8991,507
536,20201023,08,11410585,54843.7001,508
537,20201023,09,11410585,61921.1678,509
538,20201023,10,11410585,65897.8837,510
539,20201023,11,11410585,66805.2037,511
540,20201023,12,11410585,68083.9195,512
541,20201023,13,11410585,71093.2817,513
542,20201023,14,11410585,71133.6014,514
543,20201023,15,11410585,69365.9434,515
544,20201023,16,11410585,66162.1464,516
545,20201023,17,11410585,62907.0631,517
546,20201023,18,11410585,60888.5219,518
547,20201023,19,11410585,58629.6004,519
548,20201023,20,11410585,55947.2651,520
549,20201023,21,11410585,52474.0391,521
550,20201023,22,11410585,46904.1802,522
551,20201023,23,11410585,40523.7932,523
552,20201024,00,11410585,39536.5437,600
553,20201024,01,11410585,38242.0156,601
554,20201024,02,11410585,37340.6732,602
555,20201024,03,11410585,37037.7371,603
556,20201024,04,11410585,36847.0392,604
557,20201024,05,11410585,37434.5223,605
558,20201024,06,11410585,38426.6719,606
559,20201024,07,11410585,39977.577,607
560,20201024,08,11410585,42741.207,608
561,20201024,09,11410585,46091.2732,609
562,20201024,10,11410585,49602.6239,610
563,20201024,11,11410585,51465.7731,611
564,20201024,12,11410585,53903.8194,612
565,20201024,13,11410585,55942.478,613
566,20201024,14,11410585,57045.111,614
567,20201024,15,11410585,57778.3156,615
568,20201024,16,11410585,57430.4,616
569,20201024,17,11410585,56980.6011,617
570,20201024,18,11410585,56801.9481,618
571,20201024,19,11410585,55482.4597,619
572,20201024,20,11410585,52425.8482,620
573,20201024,21,11410585,49102.4282,621
574,20201024,22,11410585,44560.6923,622
575,20201024,23,11410585,38430.8572,623
576,20201025,00,11410585,37628.8099,700
577,20201025,01,11410585,36718.7834,701
578,20201025,02,11410585,36062.7593,702
579,20201025,03,11410585,35876.981,703
580,20201025,04,11410585,35665.7714,704
581,20201025,05,11410585,35821.4443,705
582,20201025,06,11410585,36178.0534,706
583,20201025,07,11410585,36855.8629,707
584,20201025,08,11410585,37830.5124,708
585,20201025,09,11410585,39431.5328,709
586,20201025,10,11410585,42294.2401,710
587,20201025,11,11410585,44605.7147,711
588,20201025,12,11410585,47540.1729,712
589,20201025,13,11410585,50327.5177,713
590,20201025,14,11410585,52383.8862,714
591,20201025,15,11410585,53012.0661,715
592,20201025,16,11410585,53093.8374,716
593,20201025,17,11410585,52091.6031,717
594,20201025,18,11410585,51143.0546,718
595,20201025,19,11410585,49376.1632,719
596,20201025,20,11410585,46817.8103,720
597,20201025,21,11410585,44033.8506,721
598,20201025,22,11410585,40810.0547,722
599,20201025,23,11410585,36412.9105,723
600,20201026,00,11410585,35701.8855,100
601,20201026,01,11410585,35331.4251,101
602,20201026,02,11410585,35170.7764,102
603,20201026,03,11410585,35138.4253,103
604,20201026,04,11410585,35317.8068,104
605,20201026,05,11410585,36464.1084,105
606,20201026,06,11410585,39114.143,106
607,20201026,07,11410585,46289.2101,107
608,20201026,08,11410585,53770.4446,108
609,20201026,09,11410585,61176.3679,109
610,20201026,10,11410585,65495.4789,110
611,20201026,11,11410585,67682.9803,111
612,20201026,12,11410585,69590.9848,112
613,20201026,13,11410585,72163.5637,113
614,20201026,14,11410585,73691.942,114
615,20201026,15,11410585,71657.5929,115
616,20201026,16,11410585,67777.097,116
617,20201026,17,11410585,62632.5288,117
618,20201026,18,11410585,59673.4711,118
619,20201026,19,11410585,56977.0539,119
620,20201026,20,11410585,53847.023,120
621,20201026,21,11410585,50165.5527,121
622,20201026,22,11410585,44585.6929,122
623,20201026,23,11410585,38323.9549,123
624,20201027,00,11410585,37594.9363,200
625,20201027,01,11410585,37022.7886,201
626,20201027,02,11410585,36536.2106,202
627,20201027,03,11410585,36559.7251,203
628,20201027,04,11410585,36594.8866,204
629,20201027,05,11410585,37757.6392,205
630,20201027,06,11410585,40496.0561,206
631,20201027,07,11410585,47722.9417,207
632,20201027,08,11410585,55673.9813,208
633,20201027,09,11410585,62917.2943,209
634,20201027,10,11410585,67194.0099,210
635,20201027,11,11410585,68631.8051,211
636,20201027,12,11410585,70795.0655,212
637,20201027,13,11410585,73715.0581,213
638,20201027,14,11410585,75058.9178,214
639,20201027,15,11410585,72828.8059,215
640,20201027,16,11410585,68458.5461,216
641,20201027,17,11410585,62660.1015,217
642,20201027,18,11410585,60611.2612,218
643,20201027,19,11410585,57720.8478,219
644,20201027,20,11410585,54744.7275,220
645,20201027,21,11410585,50596.7537,221
646,20201027,22,11410585,45253.2225,222
647,20201027,23,11410585,38986.6502,223
648,20201028,00,11410585,38133.2391,300
649,20201028,01,11410585,37488.5996,301
650,20201028,02,11410585,37136.2875,302
651,20201028,03,11410585,37097.5763,303
652,20201028,04,11410585,37254.5355,304
653,20201028,05,11410585,38220.7611,305
654,20201028,06,11410585,40516.4679,306
655,20201028,07,11410585,47270.055,307
656,20201028,08,11410585,54807.3676,308
657,20201028,09,11410585,62001.6738,309
658,20201028,10,11410585,65982.261,310
659,20201028,11,11410585,68079.691,311
660,20201028,12,11410585,69344.4816,312
661,20201028,13,11410585,72766.3814,313
662,20201028,14,11410585,73702.7571,314
663,20201028,15,11410585,72900.0228,315
664,20201028,16,11410585,68625.7931,316
665,20201028,17,11410585,63340.2007,317
666,20201028,18,11410585,60996.7967,318
667,20201028,19,11410585,58002.0847,319
668,20201028,20,11410585,54912.2679,320
669,20201028,21,11410585,51102.5454,321
670,20201028,22,11410585,45767.7967,322
671,20201028,23,11410585,38307.0116,323
672,20201029,00,11410585,37939.8726,400
673,20201029,01,11410585,37201.4625,401
674,20201029,02,11410585,36963.1849,402
675,20201029,03,11410585,36938.8385,403
676,20201029,04,11410585,36974.1483,404
677,20201029,05,11410585,38074.2621,405
678,20201029,06,11410585,40174.8105,406
679,20201029,07,11410585,47134.905,407
680,20201029,08,11410585,54922.8296,408
681,20201029,09,11410585,61704.4818,409
682,20201029,10,11410585,65735.9143,410
683,20201029,11,11410585,67066.1538,411
684,20201029,12,11410585,69408.8846,412
685,20201029,13,11410585,72177.3209,413
686,20201029,14,11410585,73452.0814,414
687,20201029,15,11410585,70923.5717,415
688,20201029,16,11410585,67120.048,416
689,20201029,17,11410585,62543.2733,417
690,20201029,18,11410585,60446.4956,418
691,20201029,19,11410585,58098.0112,419
692,20201029,20,11410585,54898.618,420
693,20201029,21,11410585,51323.0165,421
694,20201029,22,11410585,45847.782,422
695,20201029,23,11410585,39252.8385,423
696,20201030,00,11410585,38490.3417,500
697,20201030,01,11410585,37665.1864,501
698,20201030,02,11410585,37236.7491,502
699,20201030,03,11410585,36854.1741,503
700,20201030,04,11410585,36908.2685,504
701,20201030,05,11410585,38002.3517,505
702,20201030,06,11410585,40552.7067,506
703,20201030,07,11410585,47235.3586,507
704,20201030,08,11410585,54813.5849,508
705,20201030,09,11410585,60875.3525,509
706,20201030,10,11410585,64597.1359,510
707,20201030,11,11410585,65899.1358,511
708,20201030,12,11410585,67478.1783,512
709,20201030,13,11410585,70014.5493,513
710,20201030,14,11410585,70707.2059,514
711,20201030,15,11410585,68859.4165,515
712,20201030,16,11410585,66253.9074,516
713,20201030,17,11410585,61578.7318,517
714,20201030,18,11410585,59986.9201,518
715,20201030,19,11410585,59359.1742,519
716,20201030,20,11410585,56464.6345,520
717,20201030,21,11410585,53263.3271,521
718,20201030,22,11410585,47789.9723,522
719,20201030,23,11410585,41624.2225,523
720,20201031,00,11410585,40447.3477,600
721,20201031,01,11410585,39133.668,601
722,20201031,02,11410585,38477.0827,602
723,20201031,03,11410585,37887.3295,603
724,20201031,04,11410585,37598.1545,604
725,20201031,05,11410585,38016.3526,605
726,20201031,06,11410585,38405.5357,606
727,20201031,07,11410585,39608.0842,607
728,20201031,08,11410585,42076.6151,608
729,20201031,09,11410585,46414.6679,609
730,20201031,10,11410585,49449.1218,610
731,20201031,11,11410585,51173.1055,611
732,20201031,12,11410585,53151.9482,612
733,20201031,13,11410585,55951.7832,613
734,20201031,14,11410585,56688.6206,614
735,20201031,15,11410585,57291.4474,615
736,20201031,16,11410585,56340.6248,616
737,20201031,17,11410585,56144.4658,617
738,20201031,18,11410585,56106.5969,618
739,20201031,19,11410585,55008.3482,619
740,20201031,20,11410585,53144.2707,620
741,20201031,21,11410585,50190.3442,621
742,20201031,22,11410585,46082.611,622
743,20201031,23,11410585,39851.6007,623
744,20201101,00,11410585,39574.3364,700
745,20201101,01,11410585,38533.1365,701
746,20201101,02,11410585,37745.9723,702
747,20201101,03,11410585,37474.2085,703
748,20201101,04,11410585,36729.809,704
749,20201101,05,11410585,36681.6389,705
750,20201101,06,11410585,36891.2084,706
751,20201101,07,11410585,37096.2769,707
752,20201101,08,11410585,37798.2706,708
753,20201101,09,11410585,39814.1667,709
754,20201101,10,11410585,42849.0567,710
755,20201101,11,11410585,44926.8686,711
756,20201101,12,11410585,46894.5059,712
757,20201101,13,11410585,48340.8714,713
758,20201101,14,11410585,49528.8084,714
759,20201101,15,11410585,50003.6995,715
760,20201101,16,11410585,50268.9801,716
761,20201101,17,11410585,50582.1766,717
762,20201101,18,11410585,50664.1063,718
763,20201101,19,11410585,49468.7552,719
764,20201101,20,11410585,46723.2331,720
765,20201101,21,11410585,44118.1897,721
766,20201101,22,11410585,40875.4788,722
767,20201101,23,11410585,36966.2825,723
768,20201102,00,11410585,36069.4653,100
769,20201102,01,11410585,35619.834,101
770,20201102,02,11410585,35394.1039,102
771,20201102,03,11410585,35226.8193,103
772,20201102,04,11410585,35586.0169,104
773,20201102,05,11410585,36993.9648,105
774,20201102,06,11410585,39298.1925,106
775,20201102,07,11410585,46078.788,107
776,20201102,08,11410585,53659.2944,108
777,20201102,09,11410585,60973.1108,109
778,20201102,10,11410585,65473.3152,110
779,20201102,11,11410585,66891.8961,111
780,20201102,12,11410585,68350.348,112
781,20201102,13,11410585,72214.5427,113
782,20201102,14,11410585,73305.0198,114
783,20201102,15,11410585,71894.8838,115
784,20201102,16,11410585,67479.5902,116
785,20201102,17,11410585,62052.1208,117
786,20201102,18,11410585,59688.0971,118
787,20201102,19,11410585,57215.9757,119
788,20201102,20,11410585,54261.3382,120
789,20201102,21,11410585,49489.5447,121
790,20201102,22,11410585,44217.1858,122
791,20201102,23,11410585,37992.0563,123
792,20201103,00,11410585,37190.6998,200
793,20201103,01,11410585,36854.5918,201
794,20201103,02,11410585,36591.0175,202
795,20201103,03,11410585,36385.6711,203
796,20201103,04,11410585,36439.9804,204
797,20201103,05,11410585,37730.5121,205
798,20201103,06,11410585,40394.0535,206
799,20201103,07,11410585,47441.24,207
800,20201103,08,11410585,54935.7504,208
801,20201103,09,11410585,62146.4513,209
802,20201103,10,11410585,66897.7068,210
803,20201103,11,11410585,68945.0714,211
804,20201103,12,11410585,70411.8014,212
805,20201103,13,11410585,74334.8163,213
806,20201103,14,11410585,74988.573,214
807,20201103,15,11410585,73415.2771,215
808,20201103,16,11410585,69030.8193,216
809,20201103,17,11410585,64653.8848,217
810,20201103,18,11410585,61681.5667,218
811,20201103,19,11410585,59163.2411,219
812,20201103,20,11410585,55335.3981,220
813,20201103,21,11410585,51395.6338,221
814,20201103,22,11410585,45498.9365,222
815,20201103,23,11410585,38494.3901,223
816,20201104,00,11410585,37473.9672,300
817,20201104,01,11410585,36798.7017,301
818,20201104,02,11410585,36554.1393,302
819,20201104,03,11410585,36479.9951,303
820,20201104,04,11410585,36513.4119,304
821,20201104,05,11410585,38092.4375,305
822,20201104,06,11410585,40134.7071,306
823,20201104,07,11410585,47283.1803,307
824,20201104,08,11410585,54928.1326,308
825,20201104,09,11410585,62636.903,309
826,20201104,10,11410585,66967.0484,310
827,20201104,11,11410585,68222.7211,311
828,20201104,12,11410585,69814.1724,312
829,20201104,13,11410585,72495.9276,313
830,20201104,14,11410585,73188.6814,314
831,20201104,15,11410585,71553.1095,315
832,20201104,16,11410585,67807.4194,316
833,20201104,17,11410585,62724.9662,317
834,20201104,18,11410585,60633.1777,318
835,20201104,19,11410585,58739.2218,319
836,20201104,20,11410585,55591.0178,320
837,20201104,21,11410585,51418.6515,321
838,20201104,22,11410585,45855.6779,322
839,20201104,23,11410585,38553.5021,323
840,20201105,00,11410585,37921.8406,400
841,20201105,01,11410585,37295.3464,401
842,20201105,02,11410585,36948.1241,402
843,20201105,03,11410585,36974.4755,403
844,20201105,04,11410585,37132.9269,404
845,20201105,05,11410585,38180.4129,405
846,20201105,06,11410585,40461.6601,406
847,20201105,07,11410585,47312.0056,407
848,20201105,08,11410585,54715.3634,408
849,20201105,09,11410585,61664.1503,409
850,20201105,10,11410585,65859.8783,410
851,20201105,11,11410585,67403.2273,411
852,20201105,12,11410585,69015.0356,412
853,20201105,13,11410585,72654.3189,413
854,20201105,14,11410585,73960.8396,414
855,20201105,15,11410585,72168.1708,415
856,20201105,16,11410585,68498.4376,416
857,20201105,17,11410585,63063.1438,417
858,20201105,18,11410585,60821.9985,418
859,20201105,19,11410585,59291.2238,419
860,20201105,20,11410585,56094.9604,420
861,20201105,21,11410585,51937.9931,421
862,20201105,22,11410585,45959.1194,422
863,20201105,23,11410585,39401.8448,423
864,20201106,00,11410585,38512.9063,500
865,20201106,01,11410585,37728.0867,501
866,20201106,02,11410585,37187.8081,502
867,20201106,03,11410585,36868.56,503
868,20201106,04,11410585,36887.9779,504
869,20201106,05,11410585,38267.2883,505
870,20201106,06,11410585,39893.8425,506
871,20201106,07,11410585,46604.5688,507
872,20201106,08,11410585,53403.1794,508
873,20201106,09,11410585,60017.347,509
874,20201106,10,11410585,63269.1145,510
875,20201106,11,11410585,65072.0139,511
876,20201106,12,11410585,66341.0586,512
877,20201106,13,11410585,69163.4489,513
878,20201106,14,11410585,70272.2382,514
879,20201106,15,11410585,68978.9199,515
880,20201106,16,11410585,66076.2517,516
881,20201106,17,11410585,61860.1618,517
882,20201106,18,11410585,59611.603,518
883,20201106,19,11410585,58874.6435,519
884,20201106,20,11410585,56438.3001,520
885,20201106,21,11410585,52846.4062,521
886,20201106,22,11410585,47140.8694,522
887,20201106,23,11410585,40396.6296,523
888,20201107,00,11410585,39417.997,600
889,20201107,01,11410585,38027.97,601
890,20201107,02,11410585,37322.0109,602
891,20201107,03,11410585,36851.3717,603
892,20201107,04,11410585,36855.8828,604
893,20201107,05,11410585,37510.1531,605
894,20201107,06,11410585,37978.7628,606
895,20201107,07,11410585,38885.4201,607
896,20201107,08,11410585,42197.7496,608
897,20201107,09,11410585,46317.9747,609
898,20201107,10,11410585,50028.2972,610
899,20201107,11,11410585,51375.6373,611
900,20201107,12,11410585,54362.1747,612
901,20201107,13,11410585,57178.9493,613
902,20201107,14,11410585,58514.3329,614
903,20201107,15,11410585,58668.8924,615
904,20201107,16,11410585,57921.0328,616
905,20201107,17,11410585,57025.4226,617
906,20201107,18,11410585,57405.2448,618
907,20201107,19,11410585,55870.107,619
908,20201107,20,11410585,53695.6222,620
909,20201107,21,11410585,50246.9327,621
910,20201107,22,11410585,45071.5847,622
911,20201107,23,11410585,38950.7729,623
912,20201108,00,11410585,38333.4249,700
913,20201108,01,11410585,37293.2781,701
914,20201108,02,11410585,36616.9461,702
915,20201108,03,11410585,36403.4961,703
916,20201108,04,11410585,35991.3107,704
917,20201108,05,11410585,36135.0853,705
918,20201108,06,11410585,36009.7409,706
919,20201108,07,11410585,36083.9744,707
920,20201108,08,11410585,37421.3459,708
921,20201108,09,11410585,39697.5098,709
922,20201108,10,11410585,43096.9056,710
923,20201108,11,11410585,45764.2371,711
924,20201108,12,11410585,48313.1566,712
925,20201108,13,11410585,50286.1153,713
926,20201108,14,11410585,51583.6022,714
927,20201108,15,11410585,52460.6782,715
928,20201108,16,11410585,52499.5431,716
929,20201108,17,11410585,52231.032,717
930,20201108,18,11410585,51310.6443,718
931,20201108,19,11410585,49764.6669,719
932,20201108,20,11410585,47432.1607,720
933,20201108,21,11410585,44412.2721,721
934,20201108,22,11410585,40881.2329,722
935,20201108,23,11410585,36409.5317,723
936,20201109,00,11410585,35990.3449,100
937,20201109,01,11410585,35802.95,101
938,20201109,02,11410585,35416.19,102
939,20201109,03,11410585,35294.7681,103
940,20201109,04,11410585,35598.1458,104
941,20201109,05,11410585,36777.306,105
942,20201109,06,11410585,38835.8856,106
943,20201109,07,11410585,46279.5469,107
944,20201109,08,11410585,53992.5697,108
945,20201109,09,11410585,60698.6386,109
946,20201109,10,11410585,65594.5052,110
947,20201109,11,11410585,66696.049,111
948,20201109,12,11410585,68201.4088,112
949,20201109,13,11410585,71332.7988,113
950,20201109,14,11410585,72054.5459,114
951,20201109,15,11410585,70806.7505,115
952,20201109,16,11410585,66276.4732,116
953,20201109,17,11410585,61388.7545,117
954,20201109,18,11410585,59079.3399,118
955,20201109,19,11410585,56846.5499,119
956,20201109,20,11410585,53457.7558,120
957,20201109,21,11410585,49694.3898,121
958,20201109,22,11410585,44565.3423,122
959,20201109,23,11410585,38352.9719,123
960,20201110,00,11410585,37492.2603,200
961,20201110,01,11410585,37338.3468,201
962,20201110,02,11410585,37106.024,202
963,20201110,03,11410585,37069.7349,203
964,20201110,04,11410585,37126.1181,204
965,20201110,05,11410585,38521.5942,205
966,20201110,06,11410585,41013.5376,206
967,20201110,07,11410585,48297.516,207
968,20201110,08,11410585,55856.345,208
969,20201110,09,11410585,62612.2563,209
970,20201110,10,11410585,66796.4282,210
971,20201110,11,11410585,68649.347,211
972,20201110,12,11410585,70492.5418,212
973,20201110,13,11410585,74086.4618,213
974,20201110,14,11410585,75010.1326,214
975,20201110,15,11410585,73038.8869,215
976,20201110,16,11410585,68421.598,216
977,20201110,17,11410585,62855.3777,217
978,20201110,18,11410585,61113.1924,218
979,20201110,19,11410585,58771.0233,219
980,20201110,20,11410585,55300.4755,220
981,20201110,21,11410585,50914.9408,221
982,20201110,22,11410585,45106.1096,222
983,20201110,23,11410585,38783.9408,223
984,20201111,00,11410585,37789.2079,300
985,20201111,01,11410585,37303.7222,301
986,20201111,02,11410585,36774.9877,302
987,20201111,03,11410585,36639.3387,303
988,20201111,04,11410585,36687.6381,304
989,20201111,05,11410585,37953.8103,305
990,20201111,06,11410585,40164.1425,306
991,20201111,07,11410585,47620.1383,307
992,20201111,08,11410585,55719.2119,308
993,20201111,09,11410585,62639.9695,309
994,20201111,10,11410585,67245.7592,310
995,20201111,11,11410585,69040.658,311
996,20201111,12,11410585,70731.3416,312
997,20201111,13,11410585,73247.7293,313
998,20201111,14,11410585,74192.8557,314
999,20201111,15,11410585,73497.2853,315
1000,20201111,16,11410585,69181.4564,316
1001,20201111,17,11410585,63519.399,317
1002,20201111,18,11410585,61081.3173,318
1003,20201111,19,11410585,59160.1929,319
1004,20201111,20,11410585,56159.7218,320
1005,20201111,21,11410585,51791.5531,321
1006,20201111,22,11410585,45559.0081,322
1007,20201111,23,11410585,38784.7744,323
1008,20201112,00,11410585,38252.2218,400
1009,20201112,01,11410585,37799.7535,401
1010,20201112,02,11410585,37539.4106,402
1011,20201112,03,11410585,37415.4141,403
1012,20201112,04,11410585,37308.177,404
1013,20201112,05,11410585,38373.1893,405
1014,20201112,06,11410585,40053.8773,406
1015,20201112,07,11410585,45737.8593,407
1016,20201112,08,11410585,52121.1334,408
1017,20201112,09,11410585,60865.1829,409
1018,20201112,10,11410585,65271.1038,410
1019,20201112,11,11410585,66382.6224,411
1020,20201112,12,11410585,68665.6152,412
1021,20201112,13,11410585,72522.9608,413
1022,20201112,14,11410585,73617.8948,414
1023,20201112,15,11410585,71787.5263,415
1024,20201112,16,11410585,68098.6165,416
1025,20201112,17,11410585,62487.6628,417
1026,20201112,18,11410585,60495.3645,418
1027,20201112,19,11410585,58498.9904,419
1028,20201112,20,11410585,55372.0556,420
1029,20201112,21,11410585,52131.3535,421
1030,20201112,22,11410585,45978.6837,422
1031,20201112,23,11410585,39457.1737,423
1032,20201113,00,11410585,39891.7865,500
1033,20201113,01,11410585,37931.6164,501
1034,20201113,02,11410585,37230.1738,502
1035,20201113,03,11410585,37101.2632,503
1036,20201113,04,11410585,36991.7067,504
1037,20201113,05,11410585,37952.3185,505
1038,20201113,06,11410585,40747.1369,506
1039,20201113,07,11410585,47520.9679,507
1040,20201113,08,11410585,55091.2366,508
1041,20201113,09,11410585,61046.0162,509
1042,20201113,10,11410585,64761.0709,510
1043,20201113,11,11410585,66301.2588,511
1044,20201113,12,11410585,67001.7185,512
1045,20201113,13,11410585,69804.1837,513
1046,20201113,14,11410585,71184.4891,514
1047,20201113,15,11410585,69532.9389,515
1048,20201113,16,11410585,65959.3113,516
1049,20201113,17,11410585,61262.0723,517
1050,20201113,18,11410585,59907.7409,518
1051,20201113,19,11410585,58726.9449,519
1052,20201113,20,11410585,56010.4704,520
1053,20201113,21,11410585,52953.6549,521
1054,20201113,22,11410585,47635.3574,522
1055,20201113,23,11410585,41228.8787,523
1056,20201114,00,11410585,39879.5916,600
1057,20201114,01,11410585,38495.1051,601
1058,20201114,02,11410585,37607.1686,602
1059,20201114,03,11410585,37064.9231,603
1060,20201114,04,11410585,37131.8895,604
1061,20201114,05,11410585,37506.8177,605
1062,20201114,06,11410585,38271.1675,606
1063,20201114,07,11410585,39716.3405,607
1064,20201114,08,11410585,42474.4756,608
1065,20201114,09,11410585,46266.6777,609
1066,20201114,10,11410585,48604.7405,610
1067,20201114,11,11410585,50674.357,611
1068,20201114,12,11410585,52479.1193,612
1069,20201114,13,11410585,55261.6555,613
1070,20201114,14,11410585,56815.4704,614
1071,20201114,15,11410585,56852.4126,615
1072,20201114,16,11410585,56284.0462,616
1073,20201114,17,11410585,55084.7964,617
1074,20201114,18,11410585,55016.0086,618
1075,20201114,19,11410585,54397.5404,619
1076,20201114,20,11410585,52174.0724,620
1077,20201114,21,11410585,49121.1037,621
1078,20201114,22,11410585,44468.388,622
1079,20201114,23,11410585,39084.7222,623
1080,20201115,00,11410585,38146.1868,700
1081,20201115,01,11410585,37196.8369,701
1082,20201115,02,11410585,36581.5802,702
1083,20201115,03,11410585,36178.9731,703
1084,20201115,04,11410585,35786.806,704
1085,20201115,05,11410585,35933.4569,705
1086,20201115,06,11410585,36362.7992,706
1087,20201115,07,11410585,37023.8885,707
1088,20201115,08,11410585,38170.0098,708
1089,20201115,09,11410585,40059.9902,709
1090,20201115,10,11410585,42429.4765,710
1091,20201115,11,11410585,44898.8019,711
1092,20201115,12,11410585,47457.2102,712
1093,20201115,13,11410585,49674.7071,713
1094,20201115,14,11410585,50723.2794,714
1095,20201115,15,11410585,51380.0025,715
1096,20201115,16,11410585,50433.6207,716
1097,20201115,17,11410585,50833.7544,717
1098,20201115,18,11410585,50686.2334,718
1099,20201115,19,11410585,49348.2026,719
1100,20201115,20,11410585,46787.7426,720
1101,20201115,21,11410585,44122.4449,721
1102,20201115,22,11410585,40468.3972,722
1103,20201115,23,11410585,36314.7314,723
1104,20201116,00,11410585,35598.4594,100
1105,20201116,01,11410585,35837.8059,101
1106,20201116,02,11410585,35563.1916,102
1107,20201116,03,11410585,35549.7201,103
1108,20201116,04,11410585,35527.2505,104
1109,20201116,05,11410585,36633.031,105
1110,20201116,06,11410585,39095.7063,106
1111,20201116,07,11410585,45827.4724,107
1112,20201116,08,11410585,53838.6001,108
1113,20201116,09,11410585,60335.3302,109
1114,20201116,10,11410585,64320.2464,110
1115,20201116,11,11410585,66356.3034,111
1116,20201116,12,11410585,68294.5093,112
1117,20201116,13,11410585,71914.9845,113
1118,20201116,14,11410585,72940.8635,114
1119,20201116,15,11410585,71345.5173,115
1120,20201116,16,11410585,66426.876,116
1121,20201116,17,11410585,61529.8887,117
1122,20201116,18,11410585,59370.1981,118
1123,20201116,19,11410585,57194.8088,119
1124,20201116,20,11410585,53669.9049,120
1125,20201116,21,11410585,49390.1479,121
1126,20201116,22,11410585,44648.6387,122
1127,20201116,23,11410585,37993.1481,123
1128,20201117,00,11410585,37191.2783,200
1129,20201117,01,11410585,36546.5927,201
1130,20201117,02,11410585,36315.202,202
1131,20201117,03,11410585,36199.8913,203
1132,20201117,04,11410585,36335.7821,204
1133,20201117,05,11410585,37324.9858,205
1134,20201117,06,11410585,40034.7437,206
1135,20201117,07,11410585,46836.0734,207
1136,20201117,08,11410585,54261.5433,208
1137,20201117,09,11410585,61804.9497,209
1138,20201117,10,11410585,66186.4786,210
1139,20201117,11,11410585,67618.7066,211
1140,20201117,12,11410585,69270.0772,212
1141,20201117,13,11410585,72353.5412,213
1142,20201117,14,11410585,73818.0103,214
1143,20201117,15,11410585,70965.9271,215
1144,20201117,16,11410585,67388.386,216
1145,20201117,17,11410585,62229.3823,217
1146,20201117,18,11410585,59096.1383,218
1147,20201117,19,11410585,56846.6276,219
1148,20201117,20,11410585,53332.4471,220
1149,20201117,21,11410585,49315.4985,221
1150,20201117,22,11410585,44380.2712,222
1151,20201117,23,11410585,37757.698,223
1152,20201118,00,11410585,36848.593,300
1153,20201118,01,11410585,36832.9985,301
1154,20201118,02,11410585,36585.044,302
1155,20201118,03,11410585,36813.279,303
1156,20201118,04,11410585,36924.719,304
1157,20201118,05,11410585,38155.007,305
1158,20201118,06,11410585,40693.4757,306
1159,20201118,07,11410585,47013.503,307
1160,20201118,08,11410585,55007.7727,308
1161,20201118,09,11410585,61944.1006,309
1162,20201118,10,11410585,65927.8746,310
1163,20201118,11,11410585,66614.2563,311
1164,20201118,12,11410585,68611.8979,312
1165,20201118,13,11410585,71956.5184,313
1166,20201118,14,11410585,72853.5399,314
1167,20201118,15,11410585,70164.3925,315
1168,20201118,16,11410585,65932.3051,316
1169,20201118,17,11410585,60610.3635,317
1170,20201118,18,11410585,57870.554,318
1171,20201118,19,11410585,55973.6467,319
1172,20201118,20,11410585,52513.8519,320
1173,20201118,21,11410585,48139.8876,321
1174,20201118,22,11410585,43427.6155,322
1175,20201118,23,11410585,36990.3713,323
1176,20201119,00,11410585,36791.5994,400
1177,20201119,01,11410585,36480.5723,401
1178,20201119,02,11410585,36170.1378,402
1179,20201119,03,11410585,36168.7936,403
1180,20201119,04,11410585,36330.8315,404
1181,20201119,05,11410585,37309.646,405
1182,20201119,06,11410585,39886.3957,406
1183,20201119,07,11410585,45433.1338,407
1184,20201119,08,11410585,52388.2085,408
1185,20201119,09,11410585,58843.711,409
1186,20201119,10,11410585,62613.7698,410
1187,20201119,11,11410585,63489.1934,411
1188,20201119,12,11410585,64742.0177,412
1189,20201119,13,11410585,67740.6003,413
1190,20201119,14,11410585,68642.1254,414
1191,20201119,15,11410585,67075.9979,415
1192,20201119,16,11410585,62417.9663,416
1193,20201119,17,11410585,57092.6041,417
1194,20201119,18,11410585,53396.2218,418
1195,20201119,19,11410585,51029.0364,419
1196,20201119,20,11410585,47962.4108,420
1197,20201119,21,11410585,45145.0061,421
1198,20201119,22,11410585,41425.3245,422
1199,20201119,23,11410585,36413.6149,423
1200,20201120,00,11410585,36406.1775,500
1201,20201120,01,11410585,35930.2735,501
1202,20201120,02,11410585,36162.5616,502
1203,20201120,03,11410585,35988.3861,503
1204,20201120,04,11410585,36174.613,504
1205,20201120,05,11410585,37327.185,505
1206,20201120,06,11410585,39846.5736,506
1207,20201120,07,11410585,45966.8005,507
1208,20201120,08,11410585,52983.1706,508
1209,20201120,09,11410585,58247.0967,509
1210,20201120,10,11410585,61369.2492,510
1211,20201120,11,11410585,61889.89,511
1212,20201120,12,11410585,62973.3539,512
1213,20201120,13,11410585,65586.1888,513
1214,20201120,14,11410585,65629.0361,514
1215,20201120,15,11410585,64378.2698,515
1216,20201120,16,11410585,60523.2194,516
1217,20201120,17,11410585,55027.2357,517
1218,20201120,18,11410585,51943.2221,518
1219,20201120,19,11410585,50118.2045,519
1220,20201120,20,11410585,47368.7043,520
1221,20201120,21,11410585,44812.892,521
1222,20201120,22,11410585,41120.5818,522
1223,20201120,23,11410585,36385.8365,523
1224,20201121,00,11410585,35973.2287,600
1225,20201121,01,11410585,35499.4435,601
1226,20201121,02,11410585,35111.9464,602
1227,20201121,03,11410585,35056.2436,603
1228,20201121,04,11410585,35003.5135,604
1229,20201121,05,11410585,35973.4295,605
1230,20201121,06,11410585,36765.9166,606
1231,20201121,07,11410585,38133.6211,607
1232,20201121,08,11410585,41029.2022,608
1233,20201121,09,11410585,44190.0051,609
1234,20201121,10,11410585,46192.3203,610
1235,20201121,11,11410585,46840.0521,611
1236,20201121,12,11410585,47993.0263,612
1237,20201121,13,11410585,49367.2306,613
1238,20201121,14,11410585,49710.4168,614
1239,20201121,15,11410585,49443.1775,615
1240,20201121,16,11410585,48785.4744,616
1241,20201121,17,11410585,47324.5256,617
1242,20201121,18,11410585,46416.8597,618
1243,20201121,19,11410585,44899.2144,619
1244,20201121,20,11410585,43387.0657,620
1245,20201121,21,11410585,41402.892,621
1246,20201121,22,11410585,38873.5898,622
1247,20201121,23,11410585,34831.2349,623
1248,20201122,00,11410585,34997.9217,700
1249,20201122,01,11410585,34277.4524,701
1250,20201122,02,11410585,34247.2548,702
1251,20201122,03,11410585,34023.8434,703
1252,20201122,04,11410585,34064.8247,704
1253,20201122,05,11410585,34643.6488,705
1254,20201122,06,11410585,35109.4931,706
1255,20201122,07,11410585,35645.6255,707
1256,20201122,08,11410585,36680.6846,708
1257,20201122,09,11410585,38271.769,709
1258,20201122,10,11410585,40502.6356,710
1259,20201122,11,11410585,42107.412,711
1260,20201122,12,11410585,43404.8664,712
1261,20201122,13,11410585,45600.0686,713
1262,20201122,14,11410585,46566.5876,714
1263,20201122,15,11410585,46501.776,715
1264,20201122,16,11410585,46073.2123,716
1265,20201122,17,11410585,45553.7535,717
1266,20201122,18,11410585,44192.5229,718
1267,20201122,19,11410585,43393.5015,719
1268,20201122,20,11410585,41868.3956,720
1269,20201122,21,11410585,40005.8824,721
1270,20201122,22,11410585,38126.09,722
1271,20201122,23,11410585,34715.6946,723
1272,20201123,00,11410585,34645.7849,100
1273,20201123,01,11410585,34656.8707,101
1274,20201123,02,11410585,34466.4095,102
1275,20201123,03,11410585,34500.1768,103
1276,20201123,04,11410585,34619.1536,104
1277,20201123,05,11410585,35870.2477,105
1278,20201123,06,11410585,38527.5868,106
1279,20201123,07,11410585,45133.6435,107
1280,20201123,08,11410585,52715.9139,108
1281,20201123,09,11410585,58499.7581,109
1282,20201123,10,11410585,61862.5642,110
1283,20201123,11,11410585,62503.248,111
1284,20201123,12,11410585,63576.7344,112
1285,20201123,13,11410585,66426.5336,113
1286,20201123,14,11410585,66685.1325,114
1287,20201123,15,11410585,64089.4754,115
1288,20201123,16,11410585,60689.5359,116
1289,20201123,17,11410585,55477.1651,117
1290,20201123,18,11410585,52312.8799,118
1291,20201123,19,11410585,50056.0014,119
1292,20201123,20,11410585,46935.7488,120
1293,20201123,21,11410585,44410.7349,121
1294,20201123,22,11410585,40541.9064,122
1295,20201123,23,11410585,35743.282,123
1296,20201124,00,11410585,35513.0453,200
1297,20201124,01,11410585,35338.3152,201
1298,20201124,02,11410585,35048.2413,202
1299,20201124,03,11410585,35262.3873,203
1300,20201124,04,11410585,35514.6135,204
1301,20201124,05,11410585,36834.9921,205
1302,20201124,06,11410585,39473.0614,206
1303,20201124,07,11410585,45073.0943,207
1304,20201124,08,11410585,52422.5108,208
1305,20201124,09,11410585,58846.9085,209
1306,20201124,10,11410585,62182.323,210
1307,20201124,11,11410585,62711.1749,211
1308,20201124,12,11410585,63081.3602,212
1309,20201124,13,11410585,65954.7271,213
1310,20201124,14,11410585,66781.6925,214
1311,20201124,15,11410585,64743.7778,215
1312,20201124,16,11410585,60692.0001,216
1313,20201124,17,11410585,55763.367,217
1314,20201124,18,11410585,52635.6009,218
1315,20201124,19,11410585,49625.3455,219
1316,20201124,20,11410585,46237.9273,220
1317,20201124,21,11410585,42379.7265,221
1318,20201124,22,11410585,39553.4171,222
1319,20201124,23,11410585,35564.9004,223
1320,20201125,00,11410585,35476.4569,300
1321,20201125,01,11410585,35319.087,301
1322,20201125,02,11410585,35258.0596,302
1323,20201125,03,11410585,35334.7264,303
1324,20201125,04,11410585,35440.9861,304
1325,20201125,05,11410585,36587.3988,305
1326,20201125,06,11410585,39160.9593,306
1327,20201125,07,11410585,45008.8225,307
1328,20201125,08,11410585,52270.1636,308
1329,20201125,09,11410585,58163.1678,309
1330,20201125,10,11410585,61485.8098,310
1331,20201125,11,11410585,62244.1282,311
1332,20201125,12,11410585,63184.147,312
1333,20201125,13,11410585,66232.1228,313
1334,20201125,14,11410585,66909.4529,314
1335,20201125,15,11410585,65320.4806,315
1336,20201125,16,11410585,61244.2534,316
1337,20201125,17,11410585,56376.5329,317
1338,20201125,18,11410585,53667.884,318
1339,20201125,19,11410585,50728.9191,319
1340,20201125,20,11410585,47242.9917,320
1341,20201125,21,11410585,42864.1695,321
1342,20201125,22,11410585,40104.9669,322
1343,20201125,23,11410585,35540.1861,323
1344,20201126,00,11410585,35894.5066,400
1345,20201126,01,11410585,35727.9324,401
1346,20201126,02,11410585,35590.4463,402
1347,20201126,03,11410585,35633.8313,403
1348,20201126,04,11410585,35747.071,404
1349,20201126,05,11410585,37076.3374,405
1350,20201126,06,11410585,39558.5528,406
1351,20201126,07,11410585,45084.4731,407
1352,20201126,08,11410585,52371.7785,408
1353,20201126,09,11410585,58179.0213,409
1354,20201126,10,11410585,61317.4891,410
1355,20201126,11,11410585,61401.4523,411
1356,20201126,12,11410585,62802.0445,412
1357,20201126,13,11410585,65693.8784,413
1358,20201126,14,11410585,66737.4275,414
1359,20201126,15,11410585,64427.1131,415
1360,20201126,16,11410585,60363.6558,416
1361,20201126,17,11410585,55506.6433,417
1362,20201126,18,11410585,52055.4044,418
1363,20201126,19,11410585,49189.9515,419
1364,20201126,20,11410585,46300.3629,420
1365,20201126,21,11410585,42424.6905,421
1366,20201126,22,11410585,39819.2118,422
1367,20201126,23,11410585,35642.1086,423
1368,20201127,00,11410585,35630.2977,500
1369,20201127,01,11410585,35441.8775,501
1370,20201127,02,11410585,35472.864,502
1371,20201127,03,11410585,35401.5195,503
1372,20201127,04,11410585,35632.0725,504
1373,20201127,05,11410585,36929.2079,505
1374,20201127,06,11410585,39127.5521,506
1375,20201127,07,11410585,44618.7163,507
1376,20201127,08,11410585,51255.2317,508
1377,20201127,09,11410585,57133.9714,509
1378,20201127,10,11410585,60065.1633,510
1379,20201127,11,11410585,59899.8753,511
1380,20201127,12,11410585,59924.3213,512
1381,20201127,13,11410585,63469.6463,513
1382,20201127,14,11410585,63923.9264,514
1383,20201127,15,11410585,62323.8929,515
1384,20201127,16,11410585,58989.1892,516
1385,20201127,17,11410585,53882.8629,517
1386,20201127,18,11410585,51191.675,518
1387,20201127,19,11410585,49190.4738,519
1388,20201127,20,11410585,46012.9559,520
1389,20201127,21,11410585,42124.17,521
1390,20201127,22,11410585,39758.5196,522
1391,20201127,23,11410585,35595.9744,523
1392,20201128,00,11410585,35444.9352,600
1393,20201128,01,11410585,35003.5102,601
1394,20201128,02,11410585,35053.7429,602
1395,20201128,03,11410585,35080.2362,603
1396,20201128,04,11410585,35215.8055,604
1397,20201128,05,11410585,36057.4768,605
1398,20201128,06,11410585,36701.4356,606
1399,20201128,07,11410585,38058.76,607
1400,20201128,08,11410585,40630.2169,608
1401,20201128,09,11410585,43319.0076,609
1402,20201128,10,11410585,45187.9636,610
1403,20201128,11,11410585,46232.0011,611
1404,20201128,12,11410585,47207.3745,612
1405,20201128,13,11410585,48248.8575,613
1406,20201128,14,11410585,49184.7865,614
1407,20201128,15,11410585,49607.8715,615
1408,20201128,16,11410585,48445.0896,616
1409,20201128,17,11410585,46674.4918,617
1410,20201128,18,11410585,45542.8256,618
1411,20201128,19,11410585,44002.3492,619
1412,20201128,20,11410585,41554.6759,620
1413,20201128,21,11410585,38926.6194,621
1414,20201128,22,11410585,37001.5473,622
1415,20201128,23,11410585,33591.6689,623
1416,20201129,00,11410585,33878.4697,700
1417,20201129,01,11410585,33565.6222,701
1418,20201129,02,11410585,33697.5061,702
1419,20201129,03,11410585,33561.1748,703
1420,20201129,04,11410585,33588.9062,704
1421,20201129,05,11410585,33905.4119,705
1422,20201129,06,11410585,34307.1225,706
1423,20201129,07,11410585,34499.3495,707
1424,20201129,08,11410585,35132.642,708
1425,20201129,09,11410585,36776.0145,709
1426,20201129,10,11410585,39009.7476,710
1427,20201129,11,11410585,40469.8233,711
1428,20201129,12,11410585,42283.2658,712
1429,20201129,13,11410585,43784.8263,713
1430,20201129,14,11410585,45319.8983,714
1431,20201129,15,11410585,45946.8743,715
1432,20201129,16,11410585,45276.5951,716
1433,20201129,17,11410585,44905.5407,717
1434,20201129,18,11410585,43867.5761,718
1435,20201129,19,11410585,42826.9086,719
1436,20201129,20,11410585,40525.9237,720
1437,20201129,21,11410585,38524.4861,721
1438,20201129,22,11410585,37036.7267,722
1439,20201129,23,11410585,34207.3531,723
1440,20201130,00,11410585,34053.9872,100
1441,20201130,01,11410585,34119.5611,101
1442,20201130,02,11410585,33788.1151,102
1443,20201130,03,11410585,33873.3367,103
1444,20201130,04,11410585,34204.4204,104
1445,20201130,05,11410585,35464.0686,105
1446,20201130,06,11410585,37792.1429,106
1447,20201130,07,11410585,43811.9586,107
1448,20201130,08,11410585,49981.9749,108
1449,20201130,09,11410585,55691.5122,109
1450,20201130,10,11410585,58975.3142,110
1451,20201130,11,11410585,59532.2684,111
1452,20201130,12,11410585,60798.3781,112
1453,20201130,13,11410585,63109.4722,113
1454,20201130,14,11410585,64261.4829,114
1455,20201130,15,11410585,62722.4317,115
1456,20201130,16,11410585,59481.3222,116
1457,20201130,17,11410585,54348.1267,117
1458,20201130,18,11410585,51380.4294,118
1459,20201130,19,11410585,48561.0801,119
1460,20201130,20,11410585,45323.1246,120
1461,20201130,21,11410585,41770.1073,121
1462,20201130,22,11410585,39377.5293,122
1463,20201130,23,11410585,35232.5449,123
1464,20201201,00,11410585,34982.9952,200
1465,20201201,01,11410585,34828.7313,201
1466,20201201,02,11410585,34751.5517,202
1467,20201201,03,11410585,34827.6099,203
1468,20201201,04,11410585,35086.3887,204
1469,20201201,05,11410585,36432.7937,205
1470,20201201,06,11410585,38871.0626,206
1471,20201201,07,11410585,44778.6602,207
1472,20201201,08,11410585,52144.9983,208
1473,20201201,09,11410585,57583.8187,209
1474,20201201,10,11410585,60847.9507,210
1475,20201201,11,11410585,60754.6498,211
1476,20201201,12,11410585,61783.9422,212
1477,20201201,13,11410585,64894.8463,213
1478,20201201,14,11410585,66440.3328,214
1479,20201201,15,11410585,64274.8828,215
1480,20201201,16,11410585,60615.7945,216
1481,20201201,17,11410585,55142.6029,217
1482,20201201,18,11410585,51836.4212,218
1483,20201201,19,11410585,48751.9248,219
1484,20201201,20,11410585,45564.9978,220
1485,20201201,21,11410585,42115.9372,221
1486,20201201,22,11410585,39235.4105,222
1487,20201201,23,11410585,35511.802,223
1488,20201202,00,11410585,35298.8625,300
1489,20201202,01,11410585,35367.7351,301
1490,20201202,02,11410585,35370.1508,302
1491,20201202,03,11410585,35375.6558,303
1492,20201202,04,11410585,35608.1074,304
1493,20201202,05,11410585,36906.0424,305
1494,20201202,06,11410585,39216.0968,306
1495,20201202,07,11410585,44290.1536,307
1496,20201202,08,11410585,51614.8612,308
1497,20201202,09,11410585,57477.2943,309
1498,20201202,10,11410585,60868.1838,310
1499,20201202,11,11410585,60770.4625,311
1500,20201202,12,11410585,62343.4987,312
1501,20201202,13,11410585,65450.5992,313
1502,20201202,14,11410585,66220.0468,314
1503,20201202,15,11410585,63944.8449,315
1504,20201202,16,11410585,60113.5188,316
1505,20201202,17,11410585,55396.6405,317
1506,20201202,18,11410585,52128.471,318
1507,20201202,19,11410585,49320.757,319
1508,20201202,20,11410585,46066.4449,320
1509,20201202,21,11410585,42103.4413,321
1510,20201202,22,11410585,39386.9279,322
1511,20201202,23,11410585,35054.4101,323
1512,20201203,00,11410585,35372.4409,400
1513,20201203,01,11410585,35267.8492,401
1514,20201203,02,11410585,35374.2825,402
1515,20201203,03,11410585,35300.8534,403
1516,20201203,04,11410585,35722.5638,404
1517,20201203,05,11410585,36965.7101,405
1518,20201203,06,11410585,39543.8992,406
1519,20201203,07,11410585,44603.6813,407
1520,20201203,08,11410585,51651.8211,408
1521,20201203,09,11410585,56839.1598,409
1522,20201203,10,11410585,60355.3624,410
1523,20201203,11,11410585,60463.8353,411
1524,20201203,12,11410585,62093.2407,412
1525,20201203,13,11410585,64933.4721,413
1526,20201203,14,11410585,65856.3262,414
1527,20201203,15,11410585,63296.0713,415
1528,20201203,16,11410585,60006.9571,416
1529,20201203,17,11410585,55065.839,417
1530,20201203,18,11410585,51489.887,418
1531,20201203,19,11410585,49190.2821,419
1532,20201203,20,11410585,45858.227,420
1533,20201203,21,11410585,41988.0494,421
1534,20201203,22,11410585,39230.8448,422
1535,20201203,23,11410585,35705.4513,423
1536,20201204,00,11410585,35194.1494,500
1537,20201204,01,11410585,34960.063,501
1538,20201204,02,11410585,34811.5602,502
1539,20201204,03,11410585,34913.3809,503
1540,20201204,04,11410585,34959.5559,504
1541,20201204,05,11410585,36247.1993,505
1542,20201204,06,11410585,38402.8492,506
1543,20201204,07,11410585,43819.442,507
1544,20201204,08,11410585,50468.9061,508
1545,20201204,09,11410585,55841.5995,509
1546,20201204,10,11410585,58838.1134,510
1547,20201204,11,11410585,59033.3899,511
1548,20201204,12,11410585,60079.638,512
1549,20201204,13,11410585,62507.0852,513
1550,20201204,14,11410585,63418.2338,514
1551,20201204,15,11410585,61977.7881,515
1552,20201204,16,11410585,58461.5017,516
1553,20201204,17,11410585,53779.7825,517
1554,20201204,18,11410585,51673.5605,518
1555,20201204,19,11410585,49023.841,519
1556,20201204,20,11410585,45321.8646,520
1557,20201204,21,11410585,41327.1504,521
1558,20201204,22,11410585,38770.3158,522
1559,20201204,23,11410585,34688.2119,523
1560,20201205,00,11410585,34505.6217,600
1561,20201205,01,11410585,33989.0512,601
1562,20201205,02,11410585,33907.5991,602
1563,20201205,03,11410585,33967.6131,603
1564,20201205,04,11410585,33945.2933,604
1565,20201205,05,11410585,34966.4054,605
1566,20201205,06,11410585,35704.5217,606
1567,20201205,07,11410585,36686.9528,607
1568,20201205,08,11410585,39084.2495,608
1569,20201205,09,11410585,42305.9027,609
1570,20201205,10,11410585,44195.0107,610
1571,20201205,11,11410585,45529.7043,611
1572,20201205,12,11410585,46741.1095,612
1573,20201205,13,11410585,48381.6678,613
1574,20201205,14,11410585,48428.2213,614
1575,20201205,15,11410585,48593.8244,615
1576,20201205,16,11410585,47808.3583,616
1577,20201205,17,11410585,46565.5488,617
1578,20201205,18,11410585,46020.7752,618
1579,20201205,19,11410585,44035.7095,619
1580,20201205,20,11410585,41320.661,620
1581,20201205,21,11410585,38188.8443,621
1582,20201205,22,11410585,36206.4023,622
1583,20201205,23,11410585,33331.6671,623
1584,20201206,00,11410585,33494.0766,700
1585,20201206,01,11410585,33156.204,701
1586,20201206,02,11410585,33065.6472,702
1587,20201206,03,11410585,33146.8804,703
1588,20201206,04,11410585,33020.7745,704
1589,20201206,05,11410585,33620.499,705
1590,20201206,06,11410585,34008.6936,706
1591,20201206,07,11410585,34305.573,707
1592,20201206,08,11410585,35115.1364,708
1593,20201206,09,11410585,36577.2094,709
1594,20201206,10,11410585,38528.04,710
1595,20201206,11,11410585,40216.539,711
1596,20201206,12,11410585,41727.7846,712
1597,20201206,13,11410585,42790.1547,713
1598,20201206,14,11410585,44245.6485,714
1599,20201206,15,11410585,44443.0909,715
1600,20201206,16,11410585,44998.1562,716
1601,20201206,17,11410585,44486.3058,717
1602,20201206,18,11410585,43544.6224,718
1603,20201206,19,11410585,42253.2415,719
1604,20201206,20,11410585,39891.9086,720
1605,20201206,21,11410585,37498.0846,721
1606,20201206,22,11410585,36312.717,722
1607,20201206,23,11410585,33795.3181,723
1608,20201207,00,11410585,33515.1355,100
1609,20201207,01,11410585,33741.9265,101
1610,20201207,02,11410585,33500.3473,102
1611,20201207,03,11410585,33564.5916,103
1612,20201207,04,11410585,33718.6561,104
1613,20201207,05,11410585,35090.9805,105
1614,20201207,06,11410585,38165.7586,106
1615,20201207,07,11410585,47698.1836,107
1616,20201207,08,11410585,56323.9134,108
1617,20201207,09,11410585,61130.6687,109
1618,20201207,10,11410585,64179.6122,110
1619,20201207,11,11410585,66031.7558,111
1620,20201207,12,11410585,64249.0357,112
1621,20201207,13,11410585,67900.4205,113
1622,20201207,14,11410585,69597.3856,114
1623,20201207,15,11410585,67654.0063,115
1624,20201207,16,11410585,63929.9013,116
1625,20201207,17,11410585,60472.4441,117
1626,20201207,18,11410585,52610.5879,118
1627,20201207,19,11410585,47743.6119,119
1628,20201207,20,11410585,43818.4249,120
1629,20201207,21,11410585,39700.2482,121
1630,20201207,22,11410585,37921.4607,122
1631,20201207,23,11410585,34533.57,123
1632,20201208,00,11410585,34294.2164,200
1633,20201208,01,11410585,34192.9619,201
1634,20201208,02,11410585,34261.0971,202
1635,20201208,03,11410585,34267.3185,203
1636,20201208,04,11410585,34457.6034,204
1637,20201208,05,11410585,35839.8653,205
1638,20201208,06,11410585,38661.5569,206
1639,20201208,07,11410585,48321.3928,207
1640,20201208,08,11410585,56399.4352,208
1641,20201208,09,11410585,61058.3188,209
1642,20201208,10,11410585,63755.0786,210
1643,20201208,11,11410585,64753.0711,211
1644,20201208,12,11410585,67874.6168,212
1645,20201208,13,11410585,68361.0873,213
1646,20201208,14,11410585,69508.6214,214
1647,20201208,15,11410585,66815.1434,215
1648,20201208,16,11410585,63429.3778,216
1649,20201208,17,11410585,58849.1921,217
1650,20201208,18,11410585,57073.8451,218
1651,20201208,19,11410585,48343.487,219
1652,20201208,20,11410585,44000.3892,220
1653,20201208,21,11410585,40287.5818,221
1654,20201208,22,11410585,38372.6706,222
1655,20201208,23,11410585,34969.796,223
1656,20201209,00,11410585,34615.2225,300
1657,20201209,01,11410585,34417.151,301
1658,20201209,02,11410585,34327.1797,302
1659,20201209,03,11410585,34372.0398,303
1660,20201209,04,11410585,34523.2614,304
1661,20201209,05,11410585,35865.3776,305
1662,20201209,06,11410585,38248.7469,306
1663,20201209,07,11410585,44026.3683,307
1664,20201209,08,11410585,50927.6701,308
1665,20201209,09,11410585,56075.1413,309
1666,20201209,10,11410585,59603.2792,310
1667,20201209,11,11410585,60088.735,311
1668,20201209,12,11410585,61094.0983,312
1669,20201209,13,11410585,63370.5103,313
1670,20201209,14,11410585,63528.0868,314
1671,20201209,15,11410585,61999.6873,315
1672,20201209,16,11410585,58655.2932,316
1673,20201209,17,11410585,53655.3944,317
1674,20201209,18,11410585,50008.0017,318
1675,20201209,19,11410585,47058.3102,319
1676,20201209,20,11410585,43840.5611,320
1677,20201209,21,11410585,40534.05,321
1678,20201209,22,11410585,38373.9247,322
1679,20201209,23,11410585,34464.633,323
1680,20201210,00,11410585,34668.0498,400
1681,20201210,01,11410585,34528.3117,401
1682,20201210,02,11410585,34581.1066,402
1683,20201210,03,11410585,34458.6063,403
1684,20201210,04,11410585,34630.4077,404
1685,20201210,05,11410585,35907.3602,405
1686,20201210,06,11410585,38465.6848,406
1687,20201210,07,11410585,44561.5713,407
1688,20201210,08,11410585,51473.0343,408
1689,20201210,09,11410585,56655.3511,409
1690,20201210,10,11410585,59902.7544,410
1691,20201210,11,11410585,60183.4687,411
1692,20201210,12,11410585,61510.7285,412
1693,20201210,13,11410585,64780.3013,413
1694,20201210,14,11410585,66062.7557,414
1695,20201210,15,11410585,63858.0388,415
1696,20201210,16,11410585,59261.8346,416
1697,20201210,17,11410585,54169.6065,417
1698,20201210,18,11410585,50341.496,418
1699,20201210,19,11410585,47454.0399,419
1700,20201210,20,11410585,43937.6562,420
1701,20201210,21,11410585,40500.3154,421
1702,20201210,22,11410585,38710.3875,422
1703,20201210,23,11410585,34854.962,423
1704,20201211,00,11410585,34683.3366,500
1705,20201211,01,11410585,34418.4412,501
1706,20201211,02,11410585,34448.3458,502
1707,20201211,03,11410585,34353.3319,503
1708,20201211,04,11410585,34576.6061,504
1709,20201211,05,11410585,36029.3802,505
1710,20201211,06,11410585,38297.555,506
1711,20201211,07,11410585,44102.9545,507
1712,20201211,08,11410585,51448.8158,508
1713,20201211,09,11410585,56662.698,509
1714,20201211,10,11410585,59444.1615,510
1715,20201211,11,11410585,59714.1252,511
1716,20201211,12,11410585,59793.572,512
1717,20201211,13,11410585,62076.005,513
1718,20201211,14,11410585,62462.8803,514
1719,20201211,15,11410585,60824.9887,515
1720,20201211,16,11410585,58047.6761,516
1721,20201211,17,11410585,53255.9262,517
1722,20201211,18,11410585,50069.0875,518
1723,20201211,19,11410585,47052.359,519
1724,20201211,20,11410585,43958.775,520
1725,20201211,21,11410585,40840.3565,521
1726,20201211,22,11410585,38685.2385,522
1727,20201211,23,11410585,35214.4382,523
1728,20201212,00,11410585,34756.92,600
1729,20201212,01,11410585,34238.0965,601
1730,20201212,02,11410585,34120.6507,602
1731,20201212,03,11410585,33997.4894,603
1732,20201212,04,11410585,34228.5696,604
1733,20201212,05,11410585,35268.5449,605
1734,20201212,06,11410585,36626.0426,606
1735,20201212,07,11410585,39257.4927,607
1736,20201212,08,11410585,44147.5616,608
1737,20201212,09,11410585,46988.7391,609
1738,20201212,10,11410585,49039.2944,610
1739,20201212,11,11410585,50238.7388,611
1740,20201212,12,11410585,48228.1404,612
1741,20201212,13,11410585,49675.9358,613
1742,20201212,14,11410585,51428.4887,614
1743,20201212,15,11410585,51017.7099,615
1744,20201212,16,11410585,50210.6597,616
1745,20201212,17,11410585,48951.128,617
1746,20201212,18,11410585,44922.0316,618
1747,20201212,19,11410585,43112.9559,619
1748,20201212,20,11410585,40676.9506,620
1749,20201212,21,11410585,38001.6391,621
1750,20201212,22,11410585,36327.2841,622
1751,20201212,23,11410585,33284.8775,623
1752,20201213,00,11410585,33248.4751,700
1753,20201213,01,11410585,32996.7717,701
1754,20201213,02,11410585,32941.3629,702
1755,20201213,03,11410585,32899.1192,703
1756,20201213,04,11410585,32848.509,704
1757,20201213,05,11410585,33545.9373,705
1758,20201213,06,11410585,34602.7634,706
1759,20201213,07,11410585,36668.987,707
1760,20201213,08,11410585,40847.1705,708
1761,20201213,09,11410585,41581.5646,709
1762,20201213,10,11410585,42720.0074,710
1763,20201213,11,11410585,45252.7437,711
1764,20201213,12,11410585,42704.0505,712
1765,20201213,13,11410585,42719.2446,713
1766,20201213,14,11410585,43201.0796,714
1767,20201213,15,11410585,43545.9168,715
1768,20201213,16,11410585,42898.5635,716
1769,20201213,17,11410585,42383.6358,717
1770,20201213,18,11410585,41765.5338,718
1771,20201213,19,11410585,40707.2722,719
1772,20201213,20,11410585,39119.5129,720
1773,20201213,21,11410585,36996.8825,721
1774,20201213,22,11410585,35911.3122,722
1775,20201213,23,11410585,33569.2132,723
1776,20201214,00,11410585,33391.262,100
1777,20201214,01,11410585,33561.5806,101
1778,20201214,02,11410585,33382.6319,102
1779,20201214,03,11410585,33490.2256,103
1780,20201214,04,11410585,33799.3077,104
1781,20201214,05,11410585,34891.3296,105
1782,20201214,06,11410585,37212.6304,106
1783,20201214,07,11410585,43347.899,107
1784,20201214,08,11410585,50307.9357,108
1785,20201214,09,11410585,55653.9265,109
1786,20201214,10,11410585,58658.2362,110
1787,20201214,11,11410585,58975.4653,111
1788,20201214,12,11410585,59348.4777,112
1789,20201214,13,11410585,61482.1427,113
1790,20201214,14,11410585,62717.5334,114
1791,20201214,15,11410585,61081.0083,115
1792,20201214,16,11410585,57211.4033,116
1793,20201214,17,11410585,52346.0419,117
1794,20201214,18,11410585,49144.2088,118
1795,20201214,19,11410585,45563.1284,119
1796,20201214,20,11410585,43093.4677,120
1797,20201214,21,11410585,39875.0233,121
1798,20201214,22,11410585,38279.1955,122
1799,20201214,23,11410585,34621.3389,123
1800,20201215,00,11410585,34429.277,200
1801,20201215,01,11410585,34284.4973,201
1802,20201215,02,11410585,34254.9433,202
1803,20201215,03,11410585,34400.1221,203
1804,20201215,04,11410585,34736.2891,204
1805,20201215,05,11410585,36073.4182,205
1806,20201215,06,11410585,38271.439,206
1807,20201215,07,11410585,44605.7624,207
1808,20201215,08,11410585,51334.7322,208
1809,20201215,09,11410585,56836.8498,209
1810,20201215,10,11410585,59878.8317,210
1811,20201215,11,11410585,59516.3335,211
1812,20201215,12,11410585,59917.9366,212
1813,20201215,13,11410585,62941.3519,213
1814,20201215,14,11410585,63749.8985,214
1815,20201215,15,11410585,62235.3559,215
1816,20201215,16,11410585,58316.8457,216
1817,20201215,17,11410585,53356.9246,217
1818,20201215,18,11410585,49561.2468,218
1819,20201215,19,11410585,46451.8631,219
1820,20201215,20,11410585,43582.7203,220
1821,20201215,21,11410585,40026.8401,221
1822,20201215,22,11410585,38108.7471,222
1823,20201215,23,11410585,34599.2414,223
1824,20201216,00,11410585,34118.4322,300
1825,20201216,01,11410585,34052.4444,301
1826,20201216,02,11410585,33908.8426,302
1827,20201216,03,11410585,33884.8327,303
1828,20201216,04,11410585,34294.9315,304
1829,20201216,05,11410585,35602.0591,305
1830,20201216,06,11410585,37694.0794,306
1831,20201216,07,11410585,44100.2292,307
1832,20201216,08,11410585,51217.4288,308
1833,20201216,09,11410585,56095.8306,309
1834,20201216,10,11410585,59031.895,310
1835,20201216,11,11410585,58566.534,311
1836,20201216,12,11410585,59351.9882,312
1837,20201216,13,11410585,61708.6947,313
1838,20201216,14,11410585,62056.1445,314
1839,20201216,15,11410585,60982.8214,315
1840,20201216,16,11410585,57469.3098,316
1841,20201216,17,11410585,52571.216,317
1842,20201216,18,11410585,49307.2337,318
1843,20201216,19,11410585,46338.8776,319
1844,20201216,20,11410585,42743.3862,320
1845,20201216,21,11410585,39986.3067,321
1846,20201216,22,11410585,37780.1067,322
1847,20201216,23,11410585,33951.1418,323
1848,20201217,00,11410585,34159.5055,400
1849,20201217,01,11410585,33822.9593,401
1850,20201217,02,11410585,33887.8253,402
1851,20201217,03,11410585,33993.2741,403
1852,20201217,04,11410585,34105.9739,404
1853,20201217,05,11410585,35507.4231,405
1854,20201217,06,11410585,37932.791,406
1855,20201217,07,11410585,43925.1638,407
1856,20201217,08,11410585,50758.7303,408
1857,20201217,09,11410585,55857.3523,409
1858,20201217,10,11410585,59071.712,410
1859,20201217,11,11410585,58993.0061,411
1860,20201217,12,11410585,60053.9758,412
1861,20201217,13,11410585,62168.7957,413
1862,20201217,14,11410585,62764.3366,414
1863,20201217,15,11410585,61254.6158,415
1864,20201217,16,11410585,57489.5685,416
1865,20201217,17,11410585,52788.6778,417
1866,20201217,18,11410585,48565.4038,418
1867,20201217,19,11410585,45943.8933,419
1868,20201217,20,11410585,42614.196,420
1869,20201217,21,11410585,39725.1099,421
1870,20201217,22,11410585,38001.9851,422
1871,20201217,23,11410585,34439.961,423
1872,20201218,00,11410585,34171.2639,500
1873,20201218,01,11410585,34112.2534,501
1874,20201218,02,11410585,34106.1205,502
1875,20201218,03,11410585,34158.8348,503
1876,20201218,04,11410585,34245.4168,504
1877,20201218,05,11410585,35724.8039,505
1878,20201218,06,11410585,37900.7663,506
1879,20201218,07,11410585,43404.5019,507
1880,20201218,08,11410585,49757.6925,508
1881,20201218,09,11410585,55107.802,509
1882,20201218,10,11410585,58196.8193,510
1883,20201218,11,11410585,58486.72,511
1884,20201218,12,11410585,58654.9129,512
1885,20201218,13,11410585,60834.2367,513
1886,20201218,14,11410585,61370.5657,514
1887,20201218,15,11410585,59945.1466,515
1888,20201218,16,11410585,56683.4138,516
1889,20201218,17,11410585,52187.5894,517
1890,20201218,18,11410585,48308.3468,518
1891,20201218,19,11410585,45974.194,519
1892,20201218,20,11410585,42903.5021,520
1893,20201218,21,11410585,39782.1589,521
1894,20201218,22,11410585,37756.4794,522
1895,20201218,23,11410585,34037.5121,523
1896,20201219,00,11410585,33700.176,600
1897,20201219,01,11410585,33351.9272,601
1898,20201219,02,11410585,33301.3363,602
1899,20201219,03,11410585,33379.5558,603
1900,20201219,04,11410585,33549.061,604
1901,20201219,05,11410585,34796.1067,605
1902,20201219,06,11410585,35638.719,606
1903,20201219,07,11410585,37561.7448,607
1904,20201219,08,11410585,39359.1535,608
1905,20201219,09,11410585,42785.702,609
1906,20201219,10,11410585,44094.5771,610
1907,20201219,11,11410585,45077.0637,611
1908,20201219,12,11410585,46247.534,612
1909,20201219,13,11410585,46939.2742,613
1910,20201219,14,11410585,47306.7146,614
1911,20201219,15,11410585,47349.4123,615
1912,20201219,16,11410585,46624.1322,616
1913,20201219,17,11410585,44947.6498,617
1914,20201219,18,11410585,43935.2097,618
1915,20201219,19,11410585,42505.8965,619
1916,20201219,20,11410585,39854.6633,620
1917,20201219,21,11410585,37338.0284,621
1918,20201219,22,11410585,35461.5439,622
1919,20201219,23,11410585,32825.1985,623
1920,20201220,00,11410585,32901.5922,700
1921,20201220,01,11410585,32561.3551,701
1922,20201220,02,11410585,32325.8798,702
1923,20201220,03,11410585,32413.5181,703
1924,20201220,04,11410585,32395.7444,704
1925,20201220,05,11410585,32926.1163,705
1926,20201220,06,11410585,33710.6369,706
1927,20201220,07,11410585,34681.8397,707
1928,20201220,08,11410585,37656.184,708
1929,20201220,09,11410585,38798.0149,709
1930,20201220,10,11410585,40085.9454,710
1931,20201220,11,11410585,42092.259,711
1932,20201220,12,11410585,40842.6414,712
1933,20201220,13,11410585,42855.3443,713
1934,20201220,14,11410585,44330.8583,714
1935,20201220,15,11410585,45233.7005,715
1936,20201220,16,11410585,44916.4879,716
1937,20201220,17,11410585,43391.0135,717
1938,20201220,18,11410585,41991.9829,718
1939,20201220,19,11410585,40207.9664,719
1940,20201220,20,11410585,37806.8636,720
1941,20201220,21,11410585,35950.8928,721
1942,20201220,22,11410585,35082.4116,722
1943,20201220,23,11410585,32822.1797,723
1944,20201221,00,11410585,32532.5678,100
1945,20201221,01,11410585,32700.7413,101
1946,20201221,02,11410585,32553.081,102
1947,20201221,03,11410585,32661.4549,103
1948,20201221,04,11410585,32832.3839,104
1949,20201221,05,11410585,34041.0376,105
1950,20201221,06,11410585,36316.8877,106
1951,20201221,07,11410585,42099.151,107
1952,20201221,08,11410585,48177.5925,108
1953,20201221,09,11410585,53474.0006,109
1954,20201221,10,11410585,57544.9142,110
1955,20201221,11,11410585,57725.7862,111
1956,20201221,12,11410585,58717.3531,112
1957,20201221,13,11410585,61321.2837,113
1958,20201221,14,11410585,63044.7721,114
1959,20201221,15,11410585,61534.8977,115
1960,20201221,16,11410585,57530.3569,116
1961,20201221,17,11410585,52464.2902,117
1962,20201221,18,11410585,48527.6129,118
1963,20201221,19,11410585,45374.7122,119
1964,20201221,20,11410585,42083.4774,120
1965,20201221,21,11410585,38907.1398,121
1966,20201221,22,11410585,37293.7148,122
1967,20201221,23,11410585,33808.3881,123
1968,20201222,00,11410585,33535.8176,200
1969,20201222,01,11410585,33389.4091,201
1970,20201222,02,11410585,33274.4967,202
1971,20201222,03,11410585,33396.0564,203
1972,20201222,04,11410585,33587.5158,204
1973,20201222,05,11410585,35070.3662,205
1974,20201222,06,11410585,37332.2348,206
1975,20201222,07,11410585,43143.3647,207
1976,20201222,08,11410585,49304.8163,208
1977,20201222,09,11410585,55017.0597,209
1978,20201222,10,11410585,57685.8787,210
1979,20201222,11,11410585,57992.3785,211
1980,20201222,12,11410585,58405.0156,212
1981,20201222,13,11410585,61539.1747,213
1982,20201222,14,11410585,62102.1464,214
1983,20201222,15,11410585,60575.3726,215
1984,20201222,16,11410585,56547.233,216
1985,20201222,17,11410585,51530.5115,217
1986,20201222,18,11410585,48121.4738,218
1987,20201222,19,11410585,45210.6557,219
1988,20201222,20,11410585,41738.3212,220
1989,20201222,21,11410585,38278.7811,221
1990,20201222,22,11410585,36496.8054,222
1991,20201222,23,11410585,33386.4419,223
1992,20201223,00,11410585,33026.4418,300
1993,20201223,01,11410585,32949.7945,301
1994,20201223,02,11410585,32747.447,302
1995,20201223,03,11410585,32613.685,303
1996,20201223,04,11410585,33008.8763,304
1997,20201223,05,11410585,34388.3573,305
1998,20201223,06,11410585,36308.8283,306
1999,20201223,07,11410585,41853.1104,307
2000,20201223,08,11410585,48367.7388,308
2001,20201223,09,11410585,53975.1776,309
2002,20201223,10,11410585,56814.1307,310
2003,20201223,11,11410585,57221.9383,311
2004,20201223,12,11410585,58315.6765,312
2005,20201223,13,11410585,60534.5687,313
2006,20201223,14,11410585,61762.6511,314
2007,20201223,15,11410585,61068.3285,315
2008,20201223,16,11410585,56795.0235,316
2009,20201223,17,11410585,51715.2236,317
2010,20201223,18,11410585,48327.277,318
2011,20201223,19,11410585,45376.3228,319
2012,20201223,20,11410585,41837.988,320
2013,20201223,21,11410585,38921.6493,321
2014,20201223,22,11410585,36800.7265,322
2015,20201223,23,11410585,32982.0413,323
2016,20201224,00,11410585,33071.2942,400
2017,20201224,01,11410585,32903.3534,401
2018,20201224,02,11410585,32777.005,402
2019,20201224,03,11410585,32956.7467,403
2020,20201224,04,11410585,33265.9387,404
2021,20201224,05,11410585,34415.587,405
2022,20201224,06,11410585,36480.6537,406
2023,20201224,07,11410585,41728.1668,407
2024,20201224,08,11410585,47794.2587,408
2025,20201224,09,11410585,52305.6946,409
2026,20201224,10,11410585,55419.4402,410
2027,20201224,11,11410585,55912.6237,411
2028,20201224,12,11410585,57072.4395,412
2029,20201224,13,11410585,59722.0756,413
2030,20201224,14,11410585,60855.8603,414
2031,20201224,15,11410585,58974.4959,415
2032,20201224,16,11410585,55605.9814,416
2033,20201224,17,11410585,50545.7933,417
2034,20201224,18,11410585,45551.7428,418
2035,20201224,19,11410585,42707.6336,419
2036,20201224,20,11410585,39516.5023,420
2037,20201224,21,11410585,36868.3801,421
2038,20201224,22,11410585,35356.8537,422
2039,20201224,23,11410585,32112.9275,423
2040,20201225,00,11410585,31755.5963,500
2041,20201225,01,11410585,31677.7479,501
2042,20201225,02,11410585,31536.8654,502
2043,20201225,03,11410585,31516.5338,503
2044,20201225,04,11410585,31662.7434,504
2045,20201225,05,11410585,32299.1265,505
2046,20201225,06,11410585,32615.4978,506
2047,20201225,07,11410585,33386.2403,507
2048,20201225,08,11410585,34278.9932,508
2049,20201225,09,11410585,35473.3578,509
2050,20201225,10,11410585,37197.8169,510
2051,20201225,11,11410585,38185.2772,511
2052,20201225,12,11410585,39757.9179,512
2053,20201225,13,11410585,41137.7598,513
2054,20201225,14,11410585,41577.076,514
2055,20201225,15,11410585,41840.6471,515
2056,20201225,16,11410585,41512.5746,516
2057,20201225,17,11410585,40614.7903,517
2058,20201225,18,11410585,39854.7032,518
2059,20201225,19,11410585,38584.8992,519
2060,20201225,20,11410585,36898.7603,520
2061,20201225,21,11410585,34858.3989,521
2062,20201225,22,11410585,33353.344,522
2063,20201225,23,11410585,31253.4254,523
2064,20201226,00,11410585,31056.3364,600
2065,20201226,01,11410585,30538.0958,601
2066,20201226,02,11410585,30595.3479,602
2067,20201226,03,11410585,30442.6659,603
2068,20201226,04,11410585,30564.1975,604
2069,20201226,05,11410585,31455.9505,605
2070,20201226,06,11410585,32354.181,606
2071,20201226,07,11410585,35270.2442,607
2072,20201226,08,11410585,38094.2415,608
2073,20201226,09,11410585,40563.7847,609
2074,20201226,10,11410585,42524.9554,610
2075,20201226,11,11410585,43655.2048,611
2076,20201226,12,11410585,43341.1088,612
2077,20201226,13,11410585,42637.1876,613
2078,20201226,14,11410585,42476.4046,614
2079,20201226,15,11410585,42583.113,615
2080,20201226,16,11410585,41590.1949,616
2081,20201226,17,11410585,40468.5856,617
2082,20201226,18,11410585,39795.9431,618
2083,20201226,19,11410585,38626.3927,619
2084,20201226,20,11410585,36071.9845,620
2085,20201226,21,11410585,34235.2488,621
2086,20201226,22,11410585,32497.8873,622
2087,20201226,23,11410585,30010.3381,623
2088,20201227,00,11410585,30292.2817,700
2089,20201227,01,11410585,29984.8672,701
2090,20201227,02,11410585,29811.3673,702
2091,20201227,03,11410585,29833.6869,703
2092,20201227,04,11410585,29675.6526,704
2093,20201227,05,11410585,30318.6415,705
2094,20201227,06,11410585,30687.4563,706
2095,20201227,07,11410585,31216.6465,707
2096,20201227,08,11410585,31938.7362,708
2097,20201227,09,11410585,33201.3731,709
2098,20201227,10,11410585,34583.8448,710
2099,20201227,11,11410585,35590.9913,711
2100,20201227,12,11410585,37202.1954,712
2101,20201227,13,11410585,38555.6442,713
2102,20201227,14,11410585,39334.2569,714
2103,20201227,15,11410585,39908.7598,715
2104,20201227,16,11410585,39861.4808,716
2105,20201227,17,11410585,39821.8652,717
2106,20201227,18,11410585,39011.6788,718
2107,20201227,19,11410585,37664.3945,719
2108,20201227,20,11410585,35867.4425,720
2109,20201227,21,11410585,34103.9456,721
2110,20201227,22,11410585,33115.8842,722
2111,20201227,23,11410585,31224.7435,723
2112,20201228,00,11410585,31287.2403,100
2113,20201228,01,11410585,31231.2219,101
2114,20201228,02,11410585,31033.6286,102
2115,20201228,03,11410585,31102.1771,103
2116,20201228,04,11410585,31338.8944,104
2117,20201228,05,11410585,32744.3135,105
2118,20201228,06,11410585,35349.018,106
2119,20201228,07,11410585,40858.7876,107
2120,20201228,08,11410585,47329.2549,108
2121,20201228,09,11410585,52811.4461,109
2122,20201228,10,11410585,55943.7014,110
2123,20201228,11,11410585,56616.7785,111
2124,20201228,12,11410585,57922.2827,112
2125,20201228,13,11410585,60740.1817,113
2126,20201228,14,11410585,62062.6321,114
2127,20201228,15,11410585,61352.1257,115
2128,20201228,16,11410585,57913.3561,116
2129,20201228,17,11410585,52110.5121,117
2130,20201228,18,11410585,48238.7753,118
2131,20201228,19,11410585,44821.2315,119
2132,20201228,20,11410585,41593.1658,120
2133,20201228,21,11410585,38177.2906,121
2134,20201228,22,11410585,36634.8691,122
2135,20201228,23,11410585,33176.9761,123
2136,20201229,00,11410585,32599.3564,200
2137,20201229,01,11410585,32296.7099,201
2138,20201229,02,11410585,32276.1459,202
2139,20201229,03,11410585,32161.5952,203
2140,20201229,04,11410585,32294.3733,204
2141,20201229,05,11410585,33839.2945,205
2142,20201229,06,11410585,36304.8113,206
2143,20201229,07,11410585,42405.9015,207
2144,20201229,08,11410585,48793.7417,208
2145,20201229,09,11410585,53778.2425,209
2146,20201229,10,11410585,57536.7386,210
2147,20201229,11,11410585,57868.7161,211
2148,20201229,12,11410585,58769.2173,212
2149,20201229,13,11410585,61264.2683,213
2150,20201229,14,11410585,62564.6035,214
2151,20201229,15,11410585,60779.5186,215
2152,20201229,16,11410585,57070.6318,216
2153,20201229,17,11410585,52222.3448,217
2154,20201229,18,11410585,48336.161,218
2155,20201229,19,11410585,44890.3484,219
2156,20201229,20,11410585,41842.1071,220
2157,20201229,21,11410585,38808.9762,221
2158,20201229,22,11410585,37168.8877,222
2159,20201229,23,11410585,32667.7097,223
2160,20201230,00,11410585,32109.0202,300
2161,20201230,01,11410585,32123.1931,301
2162,20201230,02,11410585,31835.9292,302
2163,20201230,03,11410585,31858.3299,303
2164,20201230,04,11410585,32321.036,304
2165,20201230,05,11410585,33592.0351,305
2166,20201230,06,11410585,36160.4382,306
2167,20201230,07,11410585,41635.7659,307
2168,20201230,08,11410585,48335.3973,308
2169,20201230,09,11410585,53839.8303,309
2170,20201230,10,11410585,56593.0318,310
2171,20201230,11,11410585,56816.699,311
2172,20201230,12,11410585,57568.26,312
2173,20201230,13,11410585,60136.0136,313
2174,20201230,14,11410585,61201.4035,314
2175,20201230,15,11410585,60700.2489,315
2176,20201230,16,11410585,56697.0225,316
2177,20201230,17,11410585,51566.6929,317
2178,20201230,18,11410585,48035.4157,318
2179,20201230,19,11410585,45132.0935,319
2180,20201230,20,11410585,41193.4747,320
2181,20201230,21,11410585,37941.5744,321
2182,20201230,22,11410585,36358.2972,322
2183,20201230,23,11410585,32054.0726,323
2184,20201231,00,11410585,32246.7651,400
2185,20201231,01,11410585,32052.3636,401
2186,20201231,02,11410585,31907.1356,402
2187,20201231,03,11410585,31985.7633,403
2188,20201231,04,11410585,32240.9306,404
2189,20201231,05,11410585,33541.8896,405
2190,20201231,06,11410585,35594.2781,406
2191,20201231,07,11410585,40809.0461,407
2192,20201231,08,11410585,46815.9308,408
2193,20201231,09,11410585,51413.9242,409
2194,20201231,10,11410585,54250.2703,410
2195,20201231,11,11410585,54542.5875,411
2196,20201231,12,11410585,55164.1135,412
2197,20201231,13,11410585,57758.9098,413
2198,20201231,14,11410585,58146.4179,414
2199,20201231,15,11410585,56743.4857,415
2200,20201231,16,11410585,52871.1616,416
2201,20201231,17,11410585,48895.3122,417
2202,20201231,18,11410585,45140.0999,418
2203,20201231,19,11410585,41735.9375,419
2204,20201231,20,11410585,38463.8829,420
2205,20201231,21,11410585,35733.7851,421
2206,20201231,22,11410585,33893.5703,422
2207,20201231,23,11410585,30630.1473,423
